end_date,ann_date,f_ann_date,basic_eps,total_revenue,total_cogs,int_exp,oper_exp,operate_profit,n_income,ebit,ebitda,accounts_receiv,inventories,amor_exp,total_cur_assets,intan_assets,r_and_d,goodwill,total_assets,acct_payable,total_cur_liab,total_liab,c_cash_equ_end_period,basic_eps_Z,total_revenue/total_cogs,total_revenue/operate_profit,total_revenue/n_income,total_revenue/ebit,total_revenue/accounts_receiv,total_revenue/inventories,total_revenue/total_cur_assets,total_revenue/intan_assets,total_revenue/total_assets,total_revenue/acct_payable,total_revenue/total_cur_liab,total_revenue/total_liab,total_revenue/c_cash_equ_end_period,total_cogs/operate_profit,total_cogs/n_income,total_cogs/ebit,total_cogs/accounts_receiv,total_cogs/inventories,total_cogs/total_cur_assets,total_cogs/intan_assets,total_cogs/total_assets,total_cogs/acct_payable,total_cogs/total_cur_liab,total_cogs/total_liab,total_cogs/c_cash_equ_end_period,operate_profit/n_income,operate_profit/ebit,operate_profit/accounts_receiv,operate_profit/inventories,operate_profit/total_cur_assets,operate_profit/intan_assets,operate_profit/total_assets,operate_profit/acct_payable,operate_profit/total_cur_liab,operate_profit/total_liab,operate_profit/c_cash_equ_end_period,n_income/ebit,n_income/accounts_receiv,n_income/inventories,n_income/total_cur_assets,n_income/intan_assets,n_income/total_assets,n_income/acct_payable,n_income/total_cur_liab,n_income/total_liab,n_income/c_cash_equ_end_period,ebit/accounts_receiv,ebit/inventories,ebit/total_cur_assets,ebit/intan_assets,ebit/total_assets,ebit/acct_payable,ebit/total_cur_liab,ebit/total_liab,ebit/c_cash_equ_end_period,accounts_receiv/inventories,accounts_receiv/total_cur_assets,accounts_receiv/intan_assets,accounts_receiv/total_assets,accounts_receiv/acct_payable,accounts_receiv/total_cur_liab,accounts_receiv/total_liab,accounts_receiv/c_cash_equ_end_period,inventories/total_cur_assets,inventories/intan_assets,inventories/total_assets,inventories/acct_payable,inventories/total_cur_liab,inventories/total_liab,inventories/c_cash_equ_end_period,total_cur_assets/intan_assets,total_cur_assets/total_assets,total_cur_assets/acct_payable,total_cur_assets/total_cur_liab,total_cur_assets/total_liab,total_cur_assets/c_cash_equ_end_period,intan_assets/total_assets,intan_assets/acct_payable,intan_assets/total_cur_liab,intan_assets/total_liab,intan_assets/c_cash_equ_end_period,total_assets/acct_payable,total_assets/total_cur_liab,total_assets/total_liab,total_assets/c_cash_equ_end_period,acct_payable/total_cur_liab,acct_payable/total_liab,acct_payable/c_cash_equ_end_period,total_cur_liab/total_liab,total_cur_liab/c_cash_equ_end_period,total_liab/c_cash_equ_end_period
20200331,20200430,20200430,0.19,2067874183.52,1973163844.39,,,127471793.68,60160175.24,81602873.37,,216120046.96,3896259964.78,,12032296184.95,758716797.72,,57815629.13,18266409892.11,3264171980.61,7888819858.88,8936375907.77,3877685920.51,0.19,-0.0543600982979104,-0.02403097805714727,-0.043231846789995865,0.1564145085417389,-0.046092504423988594,-0.09903193245221435,-0.3972129401032908,-0.05681272047872261,-0.0010159276641462892,-0.30152995752361444,-0.31259891141693,-0.1774597588749114,-0.2500107284479982,-0.023798478532208834,-0.04346977540797828,0.14859836324333356,-0.04495240470109874,-0.09909434929810894,-0.4050786938612031,-0.055049156588335514,-0.018585313028078934,-0.3288631604547618,-0.32249651403639,-0.179911111385911,-0.2607385763012915,0.32541383790377004,0.04102206518170851,0.04052861887875676,-0.10115709149592783,0.029023857867615646,0.034100184295602284,0.10597302026080128,-0.08770532941974894,-0.10428156160560434,-0.0707521874209857,0.02302524656860481,0.01358598807171149,0.04099424533916537,-0.07984269748068785,0.004909084852163433,0.03565953757010108,-0.026351578899248114,-0.08696229463634002,-0.1500875750406075,-0.13048904530816904,0.015356840041027706,0.039548723672589145,-0.08101861631562736,-0.12679955439934262,-0.059998746576408066,-0.1268163893591473,-0.1169670301898492,-0.18417301875033332,-0.15728234105504618,-0.11675793348514471,-0.2115495540964994,-1.0413449580265923,-0.04580301271720145,-0.8045071183515785,-0.4889045947490388,-0.8702671126908537,-0.7847548782584465,-0.21610555486724978,0.2595600375204291,-0.07199124539230545,0.3295219223223376,-0.32926781491528867,0.01077397454418582,0.17350040276750864,-0.23030097684709255,-0.07480521927003922,0.6138473450140941,-0.2880730866200216,-0.18757316225888018,-0.08960518484883079,-0.17409748102290662,-0.08374269163592246,-0.2104370655910956,-0.23626807432091168,-0.1949028153586624,-0.21247738470900243,-0.19643948793116173,-0.3579066248106242,-0.2671592826923924,-0.3253896158241378,1.0328920409989968,1.1614443781840214,-0.19855108687146578,0.6061361109386776,-0.25733269795162267,-0.3315924724640287
20191231,20200421,20200421,3.04,21887874447.35,20499519631.72,,,1485398755.67,964041246.4,1418030995.38,1730254074.49,206180982.58,3920984246.24,,12590284386.37,768296022.28,,57815629.13,18954784087.99,2845432729.42,8508100219.27,9684910278.89,3163892007.56,3.0,-0.11906990420535725,-0.07080316534595615,-0.15401252083908482,0.029106246092911608,-0.001432718545585089,-0.09796002212439385,0.23192458456002923,-0.04862867172434578,1.0381995601959202,-0.1808781878820198,0.23753143278172836,0.4271355831940557,-0.06557995525101293,-0.07358808998974882,-0.16496902618623663,0.025609095661586586,-0.0015522500291809095,-0.09345117806464547,0.17985060321835436,-0.05278654418032011,0.9575163412044507,-0.1917646506096627,0.23407127921273907,0.42593809239641456,-0.08219596145133555,0.2855308303269318,0.010743824784261587,-0.04670582143376929,-0.12092288834288575,0.05985177926679763,-0.0453550208564539,0.5960586179452976,-0.12088189573896974,-0.07587068222193993,0.03489604549124681,0.019941864128062998,-0.03436174780132575,-0.056654294423840165,-0.11734401770259101,0.02092420321870821,-0.04541400137146969,0.3393425771446127,-0.13072161905161092,-0.1609025147842236,-0.0671535238426945,-0.003674834915832739,-0.03436856438487887,-0.12966506738963376,-0.03689426286166449,-0.046179376385788506,0.5922519052353533,-0.09955561244167571,-0.04458968904842863,0.046833481104136036,-0.11101399615807389,-0.19407749272668132,-1.0116767007273932,-0.04617346592213899,-0.7644753529749267,-0.49628068670533326,-0.8482300220915467,-0.7685752078842533,-0.23495214496832537,0.19636648593179584,-0.0773859902179198,0.28620203911523884,-0.2820495991607328,-0.027218032419776987,0.10685995163986572,-0.1884137536439343,-0.07398448804317093,0.6427431823641697,-0.24867380210865564,-0.19549393468650086,-0.10485689590737826,-0.22173508992166785,-0.10161797122627121,-0.15670276917792492,-0.2532458642001265,-0.22713873012352578,-0.20840188568257598,-0.19821837684342003,-0.3362319405506699,-0.23606167204847786,-0.398102870312804,0.48821096981636264,0.6260280323045464,-0.17948827962800104,0.5770347348169541,-0.316219902223369,-0.3764580890537933
20190930,20191025,20191025,2.85,16748985457.28,15596537768.03,,,1276468070.87,905167122.33,1248041293.07,,250597467.76,3832176588.29,,12345339379.18,777910337.47,,57815629.13,18743552218.73,2801786999.17,8402435848.25,9542353077.61,4361046605.63,2.85,-0.17395148931789747,-0.046425737807743325,-0.04085029079619683,0.012285316772591695,0.14659704808123267,-0.09234189110552984,0.36645889325252634,-0.04948556341987673,1.1692086960729828,-0.21145320713829815,0.2761842961319349,0.4841820751012339,-0.09570536560083394,-0.04613679061575127,-0.03517329499501443,0.010157708727407908,0.15706434687164228,-0.09037879793583024,0.3406504703563376,-0.05556939159970268,1.0895418854490238,-0.2346336529523782,0.2769463347674941,0.48594208141180184,-0.0993576568597958,0.25480429543160904,0.00470566637301017,-0.02869477281020791,-0.0823432014983925,0.0708956864428875,-0.04527139253095198,0.7860093626861342,-0.16327285508338563,-0.06759198696055539,0.058183725124771414,-0.07979637510280814,-0.02914870578414531,-0.047350431309784884,-0.086110705614169,-0.019122043120462943,-0.045373318069206,0.5499917300554653,-0.17250861361762151,-0.1403446704023014,-0.024393416366447415,-0.08423160442767443,0.0039001823300090365,-0.08159072387660138,0.02280501181898538,-0.04562450448076884,0.7642441240256215,-0.12497963972180828,0.014233333158949837,0.10505184314815838,-0.09529855900145766,-0.09974280792417643,-1.0453947301859015,-0.04586112682001526,-0.788883536504151,-0.517369927250727,-0.8349100437389775,-0.7619515253738747,-0.13874809240993832,0.18802978620489716,-0.09353536605237972,0.25599828149412607,-0.22012260792151503,-0.07371399389370221,0.0641705324694587,-0.29071270450280134,-0.08058473757079766,0.6008760170623877,-0.2937535653914704,-0.21647434310161334,-0.1232747263390655,-0.10485551813819889,-0.08386807376843226,-0.1348800915664795,-0.23171539080191855,-0.21019237085630985,-0.24785093958722054,-0.2521583389144756,-0.3712414618141729,-0.2826208056979088,-0.17751701877120912,0.4768009507389893,0.6108651561481093,-0.3487608331458676,0.601844944229526,-0.15136710964601344,-0.19351516557956377
20190630,20190820,20190820,2.16,11770218002.77,10836852668.3,,,975704961.23,685921352.45,947155257.75,1175745255.55,225173671.06,3746105142.43,,11683430339.46,787495571.12,,57815629.13,18202429847.11,2688041887.41,8047408178.97,9161618346.9,4746236217.95,2.16,-0.1331308390050981,-0.10910534784199306,-0.10368899927924179,0.047842109805538546,-0.02340749216653015,-0.09606088411150741,0.5920411259943108,-0.048864409593476335,1.3325422427680675,-0.16506916497611135,0.4138482846142685,0.6375770643671002,-0.1139488197208396,-0.11294638839319672,-0.109158308199507,0.04753459226534385,-0.035209126990198424,-0.09423778502613049,0.5421189473649188,-0.05430528569741725,1.2228012412668248,-0.18072650070373625,0.39175200186077885,0.6134604090824347,-0.12528921763746886,0.07240810281380008,0.042459082591211006,0.03578219734249231,-0.0871728918285588,0.21148407925594162,-0.04495683433460662,0.995778837272831,-0.14847013571813428,0.050593249577306744,0.19340908286331346,-0.07504415663915809,0.039197555290382234,0.037306102978101864,-0.09131962160545284,0.08964479475267967,-0.04504396450391142,0.716581334580937,-0.15645151567099172,-0.04818888265478553,0.08013764650081374,-0.08336142205252005,0.03850268791917709,-0.08521779866627377,0.17314004734977004,-0.04493559104062274,1.0196088924588527,-0.10741680018294388,0.16300386513367676,0.2924370206273778,-0.08651900137367795,-0.09895902583912444,-1.031725379987639,-0.04592412123542469,-0.7737163203209281,-0.4438555257626761,-0.8464432284780933,-0.7777712976546676,-0.10907889062586341,0.24221364640489007,-0.09634481036025315,0.2752962927126522,-0.2732477546364306,-0.05627982524467111,0.07151599841564324,-0.249754530575663,-0.0828867899487263,0.5295884447494174,-0.2866314260055554,-0.2049158095973649,-0.12548964747812014,-0.15043891437824672,-0.06147958295434146,-0.12821984443447318,-0.22735144768997956,-0.1925607016239936,-0.23542098286633298,-0.20394313872997674,-0.36852057433956925,-0.2645257860674857,-0.19718201270866662,0.4938909910004351,0.6237367984623408,-0.31821387430518056,0.5874998761827972,-0.17843653243563776,-0.22420800113555808
20190331,20190430,20190430,1.32,6497892579.56,5919304097.81,,,599635730.73,417833202.61,597605661.03,,279573643.88,3631151236.91,,11571118931.29,795861686.83,,57815629.13,18205433761.53,,8307962207.18,9432710411.16,4834412529.79,1.32,-0.07965537504933766,-0.011668972754255205,-0.11091023517886082,-0.013010117281257607,-0.03978719132640187,-0.1120547181060026,0.8028831004725328,-0.048658927930378765,1.6222460974495647,,0.5949374830954356,0.8107271201656836,-0.0526233816288087,-0.012905253043084848,-0.11433144628694161,-0.01334455998332125,-0.04471881259477684,-0.11227403525137629,0.7366136764891917,-0.05352270181119075,1.4754680024791542,,0.5528627507734778,0.767383298753985,-0.054426597600834736,0.21560576747624424,0.03881369424671701,0.004596655322330235,-0.11163403774472845,0.3711858258347664,-0.04542655257013232,1.2239029834260622,,0.14063150750901093,0.2758026349986388,-0.04833889851428478,0.022011261032979068,0.013329581380211734,-0.11344023673346468,0.21990939377989216,-0.04561028996880493,0.922440259578798,,0.03742703225765334,0.1601097736267773,-0.052104240023235444,0.014704094059243765,-0.10502903062095355,0.4148741618322368,-0.045848449047502425,1.4411194016238402,,0.30966210268370015,0.42632847780637667,-0.04888242378938793,-0.12628798069440342,-1.0089597914957442,-0.04629984695174607,-0.7667338410838953,,-0.8282975430623065,-0.7549320191691746,-0.4196052923442316,0.2168843901724703,-0.1108127329297748,0.2392744025689994,,-0.10039495152073641,0.027760309397571903,-0.2694371892814976,-0.07798221265633604,0.5002480930536032,,-0.22067911008011665,-0.15300589020313246,-0.0635779624584782,-0.0609540328341494,,-0.22570584750139785,-0.20705447740188956,-0.22073031492317802,,-0.3429144328621654,-0.26274568867874254,-0.09102387928561716,,,,0.5945385634037146,-0.07760632055388501,-0.0993403054913481
20181231,20190411,20190411,3.36,23867262859.27,22322429135.56,,,1632894588.44,1050999774.01,1530686064.62,2031668587.0,279287971.1,3687198369.44,,10913357630.79,805607244.49,,57815629.13,17668108938.58,2955971460.08,8146152200.95,9313218790.82,4744968604.65,3.0,-0.12480188095031501,-0.04828747367626321,0.043176475769537814,0.013966600488019228,-0.04480181654387321,-0.11181693189458825,0.6418500264729864,-0.049591003164270446,1.4584686754823624,-0.15865041083628637,0.4607431239515445,0.621534262649868,-0.17300138940854468,-0.048454764601869024,0.042203209578326864,0.010268529314286784,-0.048256404426374,-0.12111222367607283,0.6076441170928313,-0.05442001802402394,1.360005714284866,-0.1970818470965939,0.4619458149573631,0.627760402883472,-0.17134945379889932,0.08495553289969945,0.0831021125277303,0.03167222126636387,-0.08285028510371696,0.10618290118653377,-0.04571180237203005,0.7080701079975147,-0.10778452684828037,-0.0285354367699045,0.0648428426636735,-0.05704122167076689,0.05179908665764456,0.0369364834868151,-0.0850716863943684,0.023553860139438543,-0.04531338794483287,0.40797655110062603,-0.1054609052489397,-0.11966441081585254,-0.03719010645766531,-0.04436612864499419,0.03423298170913607,-0.08543085964459148,0.025550006105111142,-0.04534706543195312,0.6698399567880547,-0.08936038093265435,0.009117624480048514,0.09011406675193069,-0.2039233616889467,-0.09620320070863037,-0.9546717141458583,-0.046843455723794766,-0.7237160711675401,-0.5606882415101418,-0.7996747820526622,-0.7310071913595417,-0.5263781059009468,0.33213838301019255,-0.11160831472155111,0.2993906837572334,-0.29020196354432576,-0.0324382064896249,0.068871175224229,-0.36262992565319657,-0.08381890217729729,0.44005660157122806,-0.27262867207354663,-0.20241232392865857,-0.16238731476774704,-0.4006542466581475,-0.03782641529043945,-0.11802233476660354,-0.20396191592465435,-0.18837703601626116,-0.23444482279480935,-0.18920169519348007,-0.31757079666126453,-0.24918341813933753,-0.44774721676318624,0.6544812152923933,0.7491669917108358,-0.28545447549474096,0.511536207597231,-0.3816038416047689,-0.37468615096611185
20180930,20181030,20181030,2.67,18374971244.06,17200517359.24,,,1243641549.94,832498926.66,1210585044.84,,230131280.41,3705940571.28,,10775681308.29,826213007.32,,57815629.13,17590375294.0,,8193690208.76,9449502129.56,5088666074.61,2.67,-0.20716293111186193,0.06367487917372743,-0.02576064507630925,0.004871908442710634,-0.003385164502710583,-0.0782398275325151,0.8577220248135613,-0.050219097263997425,1.6078896533969915,,0.578141394856592,0.7415065208543788,-0.12265168505765152,0.06346780627022995,-0.02759726316025285,0.002271950874236838,-0.020882549725517646,-0.08834547667167605,0.8390722415702904,-0.056802452063231174,1.532003136927091,,0.6126117055883303,0.7818936293645674,-0.1252027067428899,0.1477577851159359,0.06525771104926012,0.018563868530710445,-0.06385192039953032,0.061381621192705564,-0.04554116559709164,0.6600029742580945,,-0.08375015982654471,0.016071527978741527,-0.035366958838030114,0.055250830609515446,0.017889846723721674,-0.0654178460981071,-0.028811858454056625,-0.04576908139989688,0.40990092424439784,,-0.17428709310500343,-0.08108241740009364,-0.03067859487121343,0.03876443121523606,-0.06439304889742047,0.0410948258163901,-0.04542430494444367,0.615602953861382,,-0.038820010395606105,0.03502434623544288,-0.0889648026951717,-0.07590429634597519,-1.0378667072172358,-0.27403196457575385,-0.7987372949433456,,-0.8411621517150711,-0.7645192379488082,-0.43576025471603663,0.33380375874131846,-0.1315832408185135,0.2869289390635434,,-0.08099007785444379,0.03337118252710813,-0.2559801794391912,-0.0856272038354468,0.4085009220859792,,-0.2557004344484849,-0.19605564879670712,-0.15139917274013445,-0.012601519233970663,,-0.19843609509284516,-0.17603575819077708,-0.19625342230567935,,-0.3983850456799516,-0.3156085510811832,-0.20510285835245198,,,,0.5546427022878281,-0.2763181870596472,-0.3492128375813902
20180630,20180828,20180828,2.09,13004898344.02,12121682274.03,,,944010037.6,653542749.63,893103201.36,1163556535.26,223894597.54,2689007651.56,,10158210228.35,836078959.42,,57815629.13,17060482595.6,3028496580.38,7829310687.15,9060312951.32,4149387377.98,2.09,-0.19344717903579156,0.023829731478226205,-0.07214180423724117,0.05155882994849567,-0.017190946847412965,-0.07224868769433565,1.0693292124241591,-0.048011080685652775,1.8433215042428526,-0.045222829587666165,0.7231123821477639,0.9196642029402885,-0.09269253981158464,0.024391081053816658,-0.07611204304921941,0.04924975360064645,-0.022729949848919257,-0.08004345359454759,1.0316646834848522,-0.05165875054111398,1.7439986559908123,-0.04502705119987248,0.7460385277547668,0.9526251819825404,-0.07505809886248688,0.03801826339790072,0.047623020115924536,-0.002153798408781316,-0.06224191669234512,0.22853159276813137,-0.04510712514293985,0.8098116349890528,-0.048554583085148685,0.02643783979929024,0.13127675858628524,0.0397737195782343,0.005823140264902698,0.028706015145646413,-0.06403354290190434,0.11491097520741228,-0.04522584328253104,0.5773408983903828,-0.04106815127066436,-0.06477700497702153,0.03325451537624702,0.03723628653751323,0.017923656937296552,-0.06082662048208102,0.15992525010369948,-0.04508584479244662,0.7795892828295277,-0.10627479059481662,0.05794375362250036,0.15070683474715815,0.030295087868861755,-0.07039765365489052,-1.0250590883617727,-0.04724156234417449,-0.7891603652714814,-0.3741916036163211,-0.8182666484748816,-0.7558081163569478,-0.46067078763837865,-0.05408910523098285,-0.15580262795090571,-0.02774911291149174,-0.3615243002060475,-0.2420759601531354,-0.15952594506864456,-0.1567574757044784,-0.07820271695183997,0.3471500829423761,-0.05862757367531247,-0.2545475255676923,-0.18797593049820335,-0.08646088155211556,0.005420988927775323,-0.1279589077057434,-0.1878402802653974,-0.15142874196641037,-0.11034011417359381,-0.08553655975676831,-0.3911883505299382,-0.2833315564432715,-0.11219084562587614,0.7859500836887089,0.8556943161469799,-0.12282365449891278,0.5387618260610264,-0.18197733093772164,-0.25415432661569176
20180331,20180428,20180428,1.2,7143824454.16,6651767526.66,,,520085282.95,375697363.84,490753764.6,,291417300.32,2618480772.86,,11026335722.83,845168622.02,,57815629.13,18095995271.31,3650325099.03,8757736959.15,10108724225.09,4556486842.21,1.2,-0.18063432278281996,-0.05653867032246309,0.01830175166265209,-0.051284978219208535,-0.038776425999430555,-0.05183171450604528,1.0672132196746966,-0.059998415490649985,2.1366835795331736,-0.04840985336902684,0.6917912756391859,0.8766773422661992,-0.09689738615725248,-0.05838066893870768,0.015974861929871447,-0.05149909044601488,-0.042174743793355535,-0.0510333975558688,1.065453641346248,-0.053094850982618944,2.0559081209915138,-0.047645248368804266,0.7525295294731882,0.9512933651679201,-0.09443657095861994,0.13599377384973838,-0.01854064787072881,0.02341969806511214,0.04208586789372399,0.2518260593569367,-0.03840492532524153,0.9763015530366846,-0.09624684567506002,0.01706721331055536,0.09929404333153229,-0.04756042475128807,-0.020862227495965734,0.026882153326314624,0.04167740578431541,0.16176000107580402,-0.062463063154026284,0.7889252103630232,-0.08468316437297153,-0.0350680340421583,0.04111552613765141,-0.07497535115103848,0.023281150028346503,0.045911718482723775,0.1584826008797936,-0.06172173840065688,0.8250850522983197,-0.14884626143186824,0.00029060658258850137,0.07383508276871485,-0.042970254280379025,-0.045999530303660545,-1.0090288877837046,-0.05215665684775387,-0.7661811908387183,-0.39630886046098074,-0.7740230206597386,-0.7099256222734964,-0.3585609507302825,-0.1941288361752228,-0.04505987899464795,-0.11282883712107068,-0.08514971118977091,-0.3294970226690883,-0.25255215945636966,-0.15924807831055096,-0.04554396952523567,0.39965898352891327,-0.09708494257357604,-0.31494766094563525,-0.2152413967974425,-0.09355669140362516,-0.02321964834078024,-0.23258415685699718,-0.19930267496026383,-0.20312143499137486,-0.12739883922362438,-0.16368444375129904,-0.4476574003194299,-0.3370399498273983,-0.12540556904882746,0.9458620583046559,1.0250812141427894,-0.13525136777747063,0.5608964109801016,-0.22336980493554148,-0.3100965188969683
20171231,20180425,20180425,2.98,26743513679.75,25482360686.19,,,1346956491.48,849997637.19,1292967510.75,1787258702.34,276792971.31,2637730622.29,,10494274913.1,843474098.48,,57815629.13,17641971812.45,3565537601.9,8615384688.96,9983061614.5,5050642696.9,2.98,-0.22869254750525106,-0.04871128332500498,-0.019162952248384504,0.018331803140247776,-0.05240924768593563,-0.047155437262318044,1.0376764084999848,-0.06074640656722565,2.072646028543388,-0.18238790434302127,0.5678607624488227,0.7720775682068757,-0.103122646234156,-0.04931355934081552,-0.02463826923662255,0.02078879018556328,-0.0539954232828781,-0.04715134402573581,1.0326200278624997,-0.05406955414156165,1.9993970450138192,-0.2093466750269813,0.6045370380783738,0.8181595825521566,-0.09591746142197732,0.1610314910195004,-0.05599456234680765,-0.047461149450231443,-0.04715059112830836,-0.015409634019280768,-0.04382530874389012,0.4819117915487267,-0.14147120172190597,-0.16514765737373438,-0.08677293898277083,-0.22423613082926544,-0.0565394661096758,-0.046536841178348956,-0.047337304622309194,-0.10964092593625582,-0.05232922283120198,0.18980107352588993,-0.14589656997050673,-0.20271091587612336,-0.1599560704948581,-0.24211953044037787,-0.04064669379185345,-0.04718957826322527,-0.03324147542615257,-0.04352822637998328,0.4798443355957454,-0.1036463308067591,-0.09969713189193528,-0.01810374886549273,-0.13055511231884137,-0.056962586890827685,-0.944832533154148,-0.04789006339447787,-0.728089408716454,-0.4576135087551527,-0.7603519533267844,-0.7049007233249688,-0.5328895584323075,-0.10321476713499034,-0.0457460017089205,-0.062069685397565404,-0.3352757437118813,-0.2984460106731591,-0.22240260153992283,-0.1644668711094534,-0.04751438149643178,0.3414991569357964,-0.35178210258170045,-0.3090495821408669,-0.2206764907655263,-0.09106755863658772,-0.006439960013886617,-0.23229611682827142,-0.20433350246195195,-0.18964265248165002,-0.12679186372686516,-0.19950925753161727,-0.43902995027759806,-0.3405511826483126,-0.12743963120816573,0.9105080405600361,0.9864004278569771,-0.1341691768903566,0.5309195243010736,-0.2369411100211511,-0.3340551764270211
20170930,20171030,20171030,2.2,20311331836.91,19359360276.74,,,1004016732.19,641271163.47,1073782390.12,,284400457.94,1699566871.09,,10767968168.58,852738603.98,,57815629.13,18024861943.93,3741743696.69,9013198906.21,10574682339.68,5133260425.94,2.2,-0.26671920575615493,0.02370986316225809,0.0470847242470111,0.05655041714041341,-0.03581843587418719,-0.0815215064766345,1.0474667165793097,-0.06413451658768636,2.1353950022899224,-0.18766661810348825,0.5654247468040208,0.7800174945001283,-0.23219905989802797,0.02208731127125156,0.04167717350591082,0.05577969889142741,-0.03642316206624586,-0.07542677399380081,1.059019783870051,-0.05809016478091666,2.098254804869599,-0.1911566530030914,0.6079175629368263,0.835912903799918,-0.22099322491242324,0.2780936199863089,-0.04864038375281998,-0.04363206350664492,-0.07690215245129312,-0.02937880206792441,-0.035034278135281614,0.44870779608905087,-0.18695498352710643,-0.18060012468033304,-0.11587178368104213,-0.2195145005570171,-0.05744009944415603,-0.049539398509209735,-0.08094731418882156,-0.15929106954091704,-0.03042979435090136,0.14725114481146873,-0.20401918524375204,-0.22974179960001043,-0.20258446095939306,-0.2764391862283403,0.0012295348798384374,-0.07428678876526941,-0.0010545059422997758,-0.04831480295029964,0.5803242407762208,-0.14004066884220237,-0.10203330338617551,-0.02762934348353495,-0.2718219207723126,-0.10082511897917042,-1.0102150220819621,-0.048831796030818504,-0.777538542011963,-0.4926687491276221,-0.816157540348921,-0.7502771600602126,-0.567089139863838,-0.5753478718483332,-0.046484946911865395,-0.40776543707547547,-0.40200835912015254,-0.5201169566076109,-0.4612436437937518,-0.39367765117104936,-0.05000332827471347,0.3511775524554206,-0.30577904214159407,-0.2756097821496169,-0.26208960875919063,-0.5855877315761826,-0.021360208452937974,-0.12256974315666186,-0.19212938954823622,-0.2110484568527212,-0.2466717943188597,-0.2520581315652365,-0.38781080293767284,-0.4032562435182571,-0.6920113149518254,0.9307202224246709,0.9605985572204111,-0.2747705756529591,0.5170484819708279,-0.5628264666914022,-0.565261330318659
20170630,20170829,20170829,1.77,14071616455.38,13348677627.58,,,753828001.23,523679734.31,734664859.82,976335133.85,219515677.48,1731026575.29,,10175225406.28,862504397.89,,57815629.13,17516469283.9,3650319021.95,8634697851.77,10184281108.89,5071237063.11,1.77,-0.23951745155787513,0.0012284664387511978,-0.045039144366290335,0.14028825358554442,-0.04552948704823718,-0.06457465135538269,1.2220245148887732,-0.06541283946127631,2.327885117395356,-0.17257248088423385,0.7695447264827491,0.9348205547324475,-0.15213225709794373,0.0001556680934807697,-0.04916421986779321,0.13657608128723842,-0.04584412094990307,-0.06791782099911554,1.208257305573361,-0.06119953228880295,2.2723211532334724,-0.18222687763123288,0.8157823841648008,0.9847580048991663,-0.14764411438909242,0.2325825110123694,0.024499262539394738,-0.044606398696002865,-0.0631165492272398,0.11934652782945093,-0.04159535308346267,0.6246933847397956,-0.15616296685726705,-0.10775037745028743,-0.04270812949764008,-0.1761567928061455,-0.004269666833904569,-0.04580801315580064,-0.06698896016853702,-0.017209879218623943,-0.0392585237014468,0.37278190778711034,-0.18428434665949545,-0.15337172388014433,-0.11443471612218692,-0.22780392877146405,-0.04216481148867441,-0.059989742034835564,0.11037168829324805,-0.049418124367688054,0.7123702062466752,-0.1181771103884642,-0.029270422774450355,0.07095739402439936,-0.21994977214925443,-0.07765119313567005,-1.0413774458353031,-0.047637569001141196,-0.7953759907478649,-0.44937321699380145,-0.8589249081840761,-0.7782769855238916,-0.34536462484896074,-0.5306751029266081,-0.04741545634940643,-0.3857431820531033,-0.4211951988669645,-0.48670728368975513,-0.436032021523771,-0.4956069383996962,-0.052300622630192466,0.2934611255630548,-0.2921243087126842,-0.35361300683715496,-0.27277363370045976,-0.544599542399879,0.005655899397330519,-0.21386672542693214,-0.21160152558652093,-0.19421870085060636,-0.16350411187925443,-0.20045340838101247,-0.46966414435028414,-0.4093549392261212,-0.6846568962045148,0.9985254076918686,0.998338835717145,-0.23482449481718787,0.46533871937466276,-0.48914154074813765,-0.5579357274394371
20170331,20170429,20170429,1.12,7724188512.96,7269700787.7,,,468675191.81,332558410.18,,,216230164.71,1694705544.05,,10087410425.27,872312049.88,,57815629.13,17639272143.4,3631014121.08,8654111781.71,10286727862.36,5344626018.32,1.12,-0.18882412882951152,-0.03426626437145608,-0.007968426310069315,,-0.0002486696069902866,-0.06220208069795137,1.45466519444045,-0.05661853117436665,2.6946158547662264,-0.1389264793581755,1.008523934972517,1.1392266444550596,-0.117881395046885,-0.034767782934851214,-0.011402553781804332,,-0.00878311593031209,-0.057921594821220224,1.4358366055594491,-0.06902950606794352,2.6247588161237605,-0.13601343296922144,1.0520083722681406,1.1935555724129419,-0.11530344822091647,0.23508110647136787,,0.025117907223846266,-0.07570075488992836,0.2977680450067074,-0.04544620288297568,1.0418602046051277,-0.16235402999288526,0.05315136138887441,0.15214921505699291,-0.05369552026988752,,0.02366683837566989,-0.07877332444381481,0.13738719397723612,-0.04515240074189323,0.7338171174829172,-0.175922927073744,-0.047667251138502786,0.03892950680223495,-0.08436175001180152,,,,,,,,,,-0.09225376367095393,-1.0450379495894404,-0.04959957813567403,-0.8066080988898641,-0.5756499554440961,-0.8739180415319406,-0.7899430477555741,-0.497328719615802,-0.5574199540329602,-0.07451416175911625,-0.4140182385574989,-0.43895998628193306,-0.5319190077990387,-0.4852854830755021,-0.47292008947967495,-0.09443386456755797,0.2583919025621666,-0.3826830569186856,-0.39228565149876354,-0.29490295626503,-0.5806072363851648,0.00812743065038059,-0.23256637729985793,-0.1854243338030273,-0.1905123832342933,-0.16187647358815122,-0.25167564141428944,-0.478836769851291,-0.44558911646210986,-0.34147231715100945,0.9689392664013888,0.971833366181086,-0.2558260732946349,0.4672576739340854,-0.3641613268031373,-0.2895601477168771
20161231,20170426,20170426,2.39,28087519979.94,27024074671.52,,,1089648259.89,653327577.64,1158300260.54,1727313459.74,256042733.41,1710474815.7,,10287961572.11,882128335.76,,57815629.13,17935840197.12,3891758115.9,9209694444.82,10856966422.27,5694070971.98,2.39,-0.21331035630719297,0.014866671190737112,0.06395425296084786,0.13445629521350158,-0.043661950600387925,-0.08637350080067321,1.1285735360706008,-0.056067706269207214,2.40840174762484,-0.19264728409883541,0.6427560070735088,0.8650448342654354,-0.17105902731852907,0.010836637450404935,0.055616968138420785,0.1341449020901355,-0.04709753552158562,-0.08428684348962774,1.142099216554781,-0.06601983905386623,2.3506073781152845,-0.19947353318296057,0.6647277635412473,0.8977572504665197,-0.17172509480753687,0.40972575262298583,0.04237259170630737,0.05984483397219431,-0.0853149266658644,0.026514344215357852,-0.04599996525346135,0.5296527388852073,-0.16084393441249156,-0.11398342094728339,-0.013563427133859053,-0.12698302203970208,0.03947713589385743,0.004426762397077456,-0.09264620736551119,-0.11361062487234234,-0.04592570849765038,0.1652676073489004,-0.1787559359798523,-0.26855401504242227,-0.1845505693870813,-0.20142372399547587,0.04824027646811768,-0.08851357448120632,0.0140127840861428,-0.04543487690477468,0.6317847474660415,-0.11844034023993119,-0.0424258989052621,0.06645767757444843,-0.18990278559551216,-0.11453849930305887,-0.9714239003374292,-0.05057556768806244,-0.7444716864227918,-0.5467159978314923,-0.8397496644071717,-0.7692407670014847,-0.5227645481377308,-0.5459731013473053,-0.09475389515019664,-0.4018364336701539,-0.41078401219524074,-0.5420647291980882,-0.530269189342968,-0.5622130464616132,-0.10712570359538762,0.2773645831222096,-0.36960211228578704,-0.38633004137784016,-0.30591625015538887,-0.6214032684279481,0.002284273979962902,-0.23627102752844656,-0.1943758445693935,-0.20128004005167435,-0.13354205882414216,-0.26629469328445166,-0.523973236969331,-0.4815360249991601,-0.5482690311053081,0.9822758769352735,1.0043341213094845,-0.27762166105536934,0.47322910727696377,-0.4880361088440162,-0.47080289552318894
20160930,20161025,20161025,2.21,21613691027.97,20684439850.69,,,930882197.95,645917091.24,,,242839121.54,1719574509.7,,10099084508.43,878686769.27,,102678364.45,17728022123.26,3810657776.33,8946165473.74,10657170104.58,7274448276.94,2.21,-0.23336793917653653,-0.0013794077777741606,-0.03977239113643063,,0.15681777351791198,-0.05948146182128844,1.3371169092212447,-0.06312635810458107,2.5943478620300815,-0.17557783939106023,0.7495830048595549,0.918896489260339,-0.31750700661821957,-0.00038388792484640103,-0.041199194712869876,,0.17836295747913125,-0.05466410286074152,1.3829268238204775,-0.06406925398551815,2.5530584097171887,-0.18522855786303632,0.7895331035211657,0.9637711212360729,-0.3122944338809231,0.26218646817405106,,-0.016310694263941453,-0.06987676520712653,0.038201785808212214,-0.0506821450688427,0.6380153537619502,-0.16604758756176105,-0.12350663625690617,-0.007200993230417178,-0.1782324126116312,,-0.011710013334528355,-0.07434188930368883,-0.06950284276384286,-0.054836914410114845,0.3673102163217053,-0.17328290233259433,-0.2194469856391486,-0.12058679770017675,-0.23154381267004076,,,,,,,,,,-0.08782823596342573,-1.0181894523744093,-0.05146758729267793,-0.7826095481707338,-0.4684800976204064,-0.8696117439213151,-0.7810626903303927,-0.4287555575181727,-0.5434869395269635,-0.04857268777125068,-0.4144349971022284,-0.3420736262650381,-0.5128110595110574,-0.46760150151449614,-0.45465617248853635,-0.05231102409233207,0.23624201963314304,-0.3554706976438217,-0.39966254671444623,-0.3132338865348954,-0.6001466384003037,0.0074471145639351715,-0.23573441014327823,-0.18099350541870127,-0.19855640215873896,-0.15135218293330913,-0.2554125883730779,-0.48389578532666677,-0.4514232243979288,-0.5296330496676569,0.9850696247578835,0.9964644994114132,-0.2764825897466278,0.471708511503749,-0.44251975063487664,-0.48585172079124733
20160630,20160823,20160823,1.74,15097023558.58,14381974705.11,,,715471017.15,525363987.6,707039171.13,979957833.51,220974265.14,1619871259.16,,9495245584.77,888799561.65,,146361502.0,17271174909.52,3686927514.11,8624157781.3,10308875994.45,6798546340.52,1.74,-0.20674188577994543,0.05236070030887948,-0.06835437341597926,0.026388994771328778,-0.015231843970809648,-0.05548893864645149,1.5696237055764592,-0.06341777323587913,2.7856988280375306,-0.14512267392629996,0.9027686037013768,1.0388975360726584,-0.22732945301830823,0.05222029769825266,-0.06880545005662005,0.024308040146547708,-0.033484554244321264,-0.058885533050563904,1.575922360384978,-0.06400632667374753,2.727445296210352,-0.14925705778751702,0.9325111581581854,1.0700603981903472,-0.2244328845130959,0.07169963149443913,0.07024886236717721,0.03045607623953501,-0.052023278252902844,0.15141857760696723,-0.049397731916760286,0.7846327044159289,-0.153955080062796,-0.043775038559699164,0.09103557847908261,-0.12121265919488346,0.0320056813360614,0.03422435305698505,-0.052755424180989094,0.05074618468624613,-0.05421269896994987,0.601715290150794,-0.15472896753777418,-0.11105499942902348,0.004498018159130296,-0.13436878539650499,0.030687388950524846,-0.05135037497576549,0.1556473357648807,-0.045405175326437744,0.8537589363941894,-0.11536712060516705,0.04573004231944061,0.1585005156207834,-0.18410328578656562,-0.09461109003361488,-1.0422338224907843,-0.05061277175222479,-0.7946657468026377,-0.3894462744625128,-0.8774715328837507,-0.7807151031548984,-0.5651647839402519,-0.5625781695740723,-0.048558778782845514,-0.43574940067812995,-0.3482867165997907,-0.4930578270981765,-0.4647393547669714,-0.44179201165800236,-0.0531825854577452,0.1751173044214771,-0.3906101243683612,-0.3831077567374042,-0.30042828817891654,-0.6405660917830023,0.02076144258498874,-0.21446132702079768,-0.20204101268796945,-0.1794933461893604,-0.15834868651043907,-0.207893093819596,-0.4304979620606037,-0.4067259708052247,-0.541092831743381,1.0227385467032448,1.0100245253443574,-0.2908975300702249,0.44644084659517047,-0.4537106703012276,-0.5044726871937145
20160331,20160420,20160420,1.0,8543634298.77,8146850472.58,,,396983585.87,306758568.46,398915901.19,,219499144.06,1681532438.2,,9044573045.1,898954676.72,,146361502.0,16737201910.82,3377471596.56,8238087961.41,9858397834.9,6268221281.25,1.0,-0.17872776341541238,0.06304704910492327,-0.05942833268378448,-0.02558352315962573,-0.03558633306696327,-0.042641074771621594,1.9216017491646138,-0.06427484961184009,3.0,-0.0700907697204374,1.344745057621108,1.438822435446529,-0.13494357942434826,0.06234498414819582,-0.06209441552021126,-0.025907079142011968,-0.042258095589432804,-0.0403803189022003,1.932085555591905,-0.062176791053267046,3.0,-0.04323354745104049,1.4017962110387892,1.4984881437469266,-0.1370979911064332,0.2219738289152935,-0.03263935451004657,-0.022034166242022427,-0.03480242296372775,0.25832030145753415,-0.04775165407561748,0.9355453754396401,-0.13247975340973464,0.0635725367035035,0.17702505034052254,-0.08572857676290582,-0.03526991451660675,-0.013923839365979268,-0.027945551238822183,0.1809332882280218,-0.05090119704598486,0.8409876408469654,-0.12929567021257268,0.021484562841186796,0.134206437665135,-0.09505066832924339,-0.02262218780998983,-0.04816191778426808,0.3670403377388256,-0.048562542800525924,1.123636003730796,-0.13735403878291957,0.14619864390555154,0.22620856732986658,-0.1250410405061423,-0.09869708452164143,-1.0337175156457097,-0.047537379432989656,-0.7829399462090071,-0.4908938630394551,-0.8447371951365964,-0.7526717120455345,-0.2638316426190567,-0.5016262760030699,-0.04894472491151212,-0.39892208625566644,-0.36755632840075675,-0.5128492451628865,-0.4813579602640194,-0.4120847088414357,-0.054345726867344665,0.13541056854376204,-0.41348165415309357,-0.39558838362685134,-0.3042178660029225,-0.504102909383264,0.051087401915780394,-0.21017759322042728,-0.16700164776589793,-0.15006061689407504,-0.16750253987217237,-0.33738445380469995,-0.4346915474998173,-0.41248847985292275,-0.47324831383869387,0.9545060679119675,0.9411883506124046,-0.28942538046716526,0.4340895654878156,-0.40803616089826866,-0.42286340110833737
20151231,20160407,20160407,2.25,30832061062.35,29852831601.77,,,981629086.93,617616524.22,1334907711.19,1897808150.93,247449272.5,1348061620.63,,8474383262.65,1237190221.72,,146361502.0,16567859135.29,3376975916.58,8354740289.73,9929832807.22,6116845432.26,2.25,-0.18665569984827282,0.004706447432246978,0.09589108753933857,0.10012596021341047,-0.058097453461817355,-0.05588528518334612,1.5059164862617942,-0.05227371924047156,2.952389711516441,-0.04482327378602583,0.8799253674018721,0.9947790754980242,-0.18468982488701222,0.002229241018219187,0.08375553007967582,0.09801382143717695,-0.06273505698468666,-0.053358312360078444,1.4884026456082402,-0.05103897291618518,2.8640853400953383,-0.0446890710948621,0.9101223293699727,1.025047228176555,-0.1817883189237125,0.2520935559038135,0.013081799022001956,-0.0353815010851983,-0.07442594801938196,0.08443045689428229,-0.05213627292531999,0.5385638934864824,0.04229723485525528,-0.07614972655092007,0.019668313866996613,-0.01672858696635968,-0.0034360560020586287,-0.057186146865208905,-0.08360575615816364,-0.04242124624940626,-0.05061397864515695,0.2230533705509083,0.042419204648058983,-0.20660221830316935,-0.13121094909461203,-0.012619348927737162,-0.03184380535473598,-0.049064196419709154,0.24299701975935994,-0.13737688241521193,0.9853555791421198,0.043029849533136086,0.1362000462846684,0.23840371244979505,-0.057256881064982265,-0.10071945494792466,-0.9653546675877378,-0.07370980898308906,-0.7397568861695238,-0.5900302567666846,-0.8209585360371151,-0.7410924402312534,-0.5957773718769273,-0.6187578721927947,-0.04938746717065792,-0.4949093886538102,-0.14060475544359843,-0.5848412209585915,-0.5667291232862179,-0.2646279253546788,-0.04965322708358681,0.02081245724156035,-0.04908604734374693,-0.40089130619954394,-0.34038267287787843,-0.4856276711671657,0.31449119000807,-0.18809703349348383,-0.1047147019624202,0.01958896173983221,-0.143088849509762,-0.05666654596632209,-0.4035409487317253,-0.4225601054004473,-0.4521546939238048,0.9197168728012379,0.9196668694085793,-0.37765704112682824,0.3979133005608859,-0.2646793105637188,-0.3335198195479304
20150930,20151028,20151028,2.16,23671171980.32,22764102722.59,,,908096921.72,656257447.53,1164956184.52,,267736328.11,1208559067.93,,8815927612.62,1403310259.51,,102678364.45,15894043839.41,3376033552.95,7824460485.68,9238746767.74,6562512540.53,2.16,-0.2251083697371698,0.04995439498575979,-0.033814956326092965,-0.04443692036498041,-0.05463049772731027,-0.04519629429007969,1.78870198350515,-0.08057556377761527,3.0,-0.09717266791650452,1.1473170446726544,1.2832470651480028,-0.20429195250307072,0.04926749420758921,-0.03540218148325325,-0.04538923371258382,-0.05335392319864869,-0.04354132644672569,1.7730286099168229,-0.07573455642306888,3.0,-0.08163675629957359,1.1928867990761176,1.3312295528364217,-0.2062034989306198,0.1267144491497199,0.01678998299256879,0.02651042042510787,-0.07243652723679031,0.1354695292876878,-0.07351946395939828,0.7456643439857725,-0.19012931538888173,-0.05048777298994726,0.05570121019136094,-0.1015833396535278,-0.02389084450619981,-0.04601858152658841,-0.07797936017688434,0.02719722613325499,-0.06986864198086636,0.507277313870145,-0.19464609136869565,-0.10244605192943221,-0.03618613926330458,-0.12528937793534156,0.03589257761765569,-0.07190263846057057,0.385869480905661,-0.10603588325329556,1.257029161262933,-0.13845563496478447,0.2003488154521561,0.29522921977478916,-0.09408331546423847,-0.0543393016928625,-1.046769412448334,-0.1351707964250865,-0.7846948922916399,-0.6031224861104499,-0.8321691740866528,-0.733325993273811,-0.5036358039803778,-0.765370614371854,-0.06507489054982075,-0.5646343658759119,-0.41649715227898204,-0.5888782711758195,-0.5623946322959149,-0.38402102651762526,-0.0678197353943638,0.18736321216783872,-0.4588264317925373,-0.3318878474319672,-0.2684685202843652,-0.4883019203639398,0.4923347404034429,-0.19763729508999947,-0.05003114784574264,0.15837626029565208,-0.1980854045006089,-0.3362068865866326,-0.40898340172654934,-0.38145943084406214,-0.44860982158470697,1.0688677810286886,1.0830890036487757,-0.35002415935520265,0.4462798054262427,-0.413122970564681,-0.42978396549262543
20150630,20150828,20150828,2.09,16534876058.11,15659750553.38,,,875660811.69,648155433.75,881407558.49,1140289652.68,199646980.2,1049933171.52,,8234443567.89,1414299499.13,,322208338.2,15507205258.04,3088026355.36,7498976482.05,8860010200.17,6240290407.55,2.09,-0.17310634992996643,0.01488418339826106,-0.08364645376139423,0.08478772980681776,-0.0334637138919456,-0.0452582800691239,2.346636942815229,-0.07293960758837427,3.0,-0.04427778237514756,1.5240150448779124,1.56550135367832,-0.15861981432541594,0.014003232306733207,-0.08686656223229797,0.08318426294535987,-0.012686424928027447,-0.04315201856628184,2.290958689434852,-0.07014293788639395,3.0,-0.026016703788108532,1.5623166585462092,1.599382285431562,-0.16464473151707526,0.07991354944432431,-0.015836032908535965,-0.04565118852004617,-0.06339071386397092,0.3787307249368972,-0.09554341172356716,1.290594857548682,-0.1571157030835412,0.027800945549675306,0.1202415826922278,0.016620294869356615,-0.01811322416144461,-0.0451050346395497,-0.06828159466237252,0.24617017524917387,-0.08048317895816615,1.0261633488893542,-0.15578151894438044,-0.023844925442864418,0.043394829132188804,-0.01596845525164649,-0.042497568700046374,-0.06729748207776608,0.5026600180675437,-0.09111112182902123,1.5367914423394688,-0.1080905889641617,0.2987622569815665,0.38354817226779037,-0.01808611793499331,-0.05461654277809903,-1.0702458608986558,-0.14677238819136768,-0.8017594343939788,-0.585408940763713,-0.842891154617807,-0.7476552751574815,-0.47238085368363797,-0.8089955588023712,-0.0642008352860911,-0.6127531354840783,-0.4501996072936051,-0.6303605070163744,-0.6058102716505985,-0.2471439236220177,-0.0658539053307519,0.09094754736680392,-0.48380749164534087,-0.2922112288663001,-0.21860399444397258,-0.41195610468703747,0.5367335599848704,-0.18316891742613312,-0.02518885139978406,0.21474881985770414,-0.18575856060516857,-0.2555855589207868,-0.2791844919215284,-0.18892293936916274,-0.4566089898268389,0.9750138056284504,0.9781882801297731,-0.3319270061095385,0.4172268327227288,-0.26172766801036557,-0.2926667724348518
20150331,20150424,20150424,1.0,9136383307.36,8707634008.19,,,429148365.36,318795135.04,444474079.53,,180636657.25,672013219.11,,8685609662.15,1285820893.79,,102678364.45,15224601064.73,3295755814.44,7542163617.48,8624815369.75,6726213660.04,1.0,-0.1596437145027417,0.030101494204168078,-0.0019053476250282583,-0.02059115719080313,-0.028450754965960882,-0.03266432951324923,2.431181493052764,-0.08000993404628491,3.0,-0.016089969728836195,1.6009131626358328,1.838333682930319,-0.1389264949497369,0.028806996831961,-0.003954235064331623,-0.02205306802983976,-0.003782983160998256,-0.030956694034437644,2.3932944613278337,-0.08014475916992775,3.0,0.014412412925694116,1.650920027849806,1.8899364998849115,-0.1460714891494443,0.1047592945345174,-0.023048584830840855,-0.05300487216401547,-0.0667925660191101,0.37336804319058087,-0.081285716094745,1.2685525502394268,-0.16075836765707174,0.12535632853277745,0.2427509837881381,0.034344969314143145,-0.06736242149783393,-0.05373951348297767,-0.071838234861119,0.2471784493958181,-0.07752939926480641,1.0205321275773132,-0.16945724019884867,0.04839142424364121,0.15738057402922612,0.021953500141411002,-0.03658872208975771,-0.06004265960102827,0.6473597475684284,-0.07165537943870037,1.5402862598942644,-0.1250555776156487,0.26855926209807696,0.372141994086294,0.0049216814855686025,-0.05465032350309221,-1.0901944114731204,-0.1423476959517953,-0.8135815358537516,-0.5707313878112519,-0.8544777570531491,-0.7634132828852259,-0.47286414277128114,-1.0564002350382204,-0.06152225292353679,-0.7515178394903765,-0.3023680265705021,-0.70555954268849,-0.6866135678543593,-0.2509666904136544,-0.06377021425993068,0.26759402051185155,-0.39456472384631913,-0.35110136257873487,-0.23379315975988987,-0.3958652077073366,0.44840748942100767,-0.19422792362386376,-0.0696457801365027,0.10646239888373094,-0.28043350415100876,-0.2932284765785731,-0.512032800086933,-0.34379999340906464,-0.4119350382636984,1.1617331361559442,1.2352209028569978,-0.33559540010622696,0.5751054098676146,-0.25639112567034067,-0.34879237739913244
20141231,20150415,20150415,4.18,32205864614.42,30455418677.3,,,1752501390.19,1324211205.43,1711519750.73,2196902524.4,210175564.31,748486342.71,,8234523832.21,1297492807.66,,102678364.45,14785325287.91,3083950989.44,7376390582.92,8444867090.38,6695978884.58,3.0,-0.13792574833698407,0.0034389813206927165,-0.10011551414763367,-0.023955498420676083,-0.061032233276940975,-0.04212326511013878,1.6796345119537508,-0.08326719509756363,3.0,-0.09111425958590959,1.0949945107674282,1.35373916204315,-0.1739390988156087,0.0019209037189611615,-0.1023312277990348,-0.024051890608943794,-0.05706598983935957,-0.040878707127744246,1.6046324546812867,-0.07788954424179112,3.0,-0.08961991093877716,1.0965144962362716,1.3511466026296404,-0.17875882761583178,0.18578774133545567,0.020299612257268364,-0.03715156216824672,-0.05280888394676898,0.35553476921732885,-0.08706991316390487,1.4334300832219997,-0.12254970288349298,0.27535063548668376,0.45592976125570683,0.027119862450754637,-0.03901782934292919,-0.04599156371030478,-0.05932251112637042,0.22780149783634684,-0.08080844027667973,1.0562268827419536,-0.12424968598805147,0.07038510812889213,0.1261455946147828,-0.010804643667170691,-0.030442318478860166,-0.06444266933193714,0.3940347298928375,-0.08865774120443998,1.565872844190845,-0.11868330750468499,0.3228401327715422,0.493630887042862,-0.10532122056376673,-0.049643461670931595,-0.9989010531129832,-0.1782010366007621,-0.7567727958480938,-0.4506713065825026,-0.7876002280771811,-0.7153054038474107,-0.5489770815595927,-0.9960934305860601,-0.06347572718650528,-0.7163581512880705,-0.27171565071037457,-0.6339277167637893,-0.6485782532514109,-0.43599343511881233,-0.06584303675079167,0.21517360067660105,-0.3796138678333316,-0.32855394270089605,-0.2310149411930945,-0.6433306099738174,0.47626393792638844,-0.1727669983147549,-0.04945504812711678,0.14027248036784387,-0.28749429054519937,-0.2928002699837805,-0.4793018766884737,-0.3234207081363707,-0.4393097999352221,1.0104561829589525,1.0936486068498144,-0.42992717560613597,0.5464988332505585,-0.4416106826421421,-0.49952361477153057
20140930,20141028,20141028,3.51,24435626607.38,23046620022.16,,,1389985295.45,1103282690.44,1313785066.74,,198061132.32,803853806.19,,8624668412.61,1360226076.65,,102678364.45,15106940997.02,3416375482.8,8194466717.27,8929737440.73,7011166341.18,3.0,-0.18513111306935515,0.009275179011095702,-0.03162581758131722,0.05504741495382735,-0.03521728780058942,-0.042390354101707835,1.8766285672234102,-0.08522121423821284,3.0,-0.1258036365186722,1.2998108630190246,1.5556140197364892,-0.2074209121285869,0.007712125724325499,-0.033983748822253745,0.05072214937215166,-0.030742428251615925,-0.04209975670874075,1.8310121170929141,-0.07861667061305244,3.0,-0.11187970337171617,1.343335818116537,1.5856330798685558,-0.20807088978468485,0.1321984698012163,-0.013028636372102371,-0.03764519271495163,-0.06317849461609726,0.5117720907798791,-0.0928769481132266,1.6290156766584813,-0.14926351091901227,0.14504649605538145,0.3454500859848318,-0.059958470822227945,-0.04194545797462619,-0.04528622264969164,-0.07364966630633714,0.3570034283395158,-0.09163727303721028,1.3407591584923617,-0.147864287071515,0.006393800004630995,0.07756008601496975,-0.10548937733684041,-0.024755837706201916,-0.06263781105277215,0.47557842103503506,-0.09920843476772079,1.5193788053954338,-0.13846258495782787,0.16049375695142093,0.327354079400118,-0.20253564663567505,-0.046806356587640756,-1.0783638062322412,-0.18424682590007568,-0.8023529495141547,-0.42946015389763764,-0.8507949573042131,-0.7360911035546569,-0.5473158506886303,-0.9843404504464299,-0.07143898818267899,-0.7095710741043838,-0.44457330302339376,-0.7065315438778776,-0.6508909776846071,-0.49480187579967155,-0.07177249088627875,0.23980133113222069,-0.4427383825344066,-0.4283669339469839,-0.26915760318835574,-0.6904320210476449,0.5420314943609311,-0.20228358980092692,-0.06486794879558917,0.17537787044958755,-0.2800780859046123,-0.29918496451158155,-0.4837111312292088,-0.3758914764884407,-0.34642527098144743,0.9741759209754672,1.1888072258355151,-0.43092029393729747,0.7726117910426941,-0.5384973977205935,-0.5775969251516997
20140630,20140822,20140822,2.55,16995893252.94,15969826687.92,,,1026529730.82,818382772.99,1008944717.53,1250582936.51,212856166.41,687978706.5,,7797894333.3,1370150483.59,,102678364.45,14279330739.42,3036441029.37,7572062205.4,8387027100.63,6384858425.25,2.55,-0.16123394749017178,0.007423693445002513,-0.08240521830600797,0.03255039870996577,-0.049257515347007015,-0.039482268619327444,2.4083939914148966,-0.0807662472047287,3.0,-0.05774938710323774,1.5726535125201537,1.7521365206357147,-0.1387167091836365,0.006976880350893346,-0.0850871725520003,0.030474356009508614,-0.04584574811506274,-0.038672544842182445,2.3300422190317924,-0.07417380894110484,3.0,-0.03960502592346909,1.6102514653582058,1.7697725435167941,-0.14082274061416541,0.12244291247553642,0.06775452092882571,-0.044377593451291567,-0.04634765646219632,0.8761156047835662,-0.08383910961507442,1.9008359234611274,-0.12475498377088387,0.30212502674188135,0.4783934662787644,-0.06269949688753684,0.05469331168826422,-0.07184625970382714,-0.054296415160165756,0.6932696362108944,-0.08425500992936652,1.489117493865993,-0.11926162314969573,0.14434087473868532,0.23845071954530442,-0.13048672450360996,-0.014568306269157982,-0.062155146744470514,0.722292457081927,-0.07838298730357811,1.906384935669261,-0.11806409759206207,0.33904731589904386,0.5161199835827703,-0.17950392599296214,-0.050070157163265544,-1.0344677003177918,-0.17688672027607885,-0.7820629555288717,-0.4229505622741712,-0.8186006786865533,-0.716897823990317,-0.5398836232416304,-0.9936472127535096,-0.07129041109742315,-0.7318609473978582,-0.42001985210328674,-0.7331306807275081,-0.687421192466929,-0.5134406105248297,-0.07158541569855542,0.12615158628824194,-0.46095985292949726,-0.43013619955756704,-0.2951537928263805,-0.6852163158751028,0.6183615682078252,-0.1947460426856513,-0.020966991799745285,0.22779628209782532,-0.27711464601057983,-0.2080631354214717,-0.4834157951688524,-0.37867097478952216,-0.727152376967876,0.8706953230379388,1.033780787473816,-0.3875304321993555,0.6778551331333453,-0.5521273661911373,-0.673599456001215
20140331,20140417,20140417,1.45,9460303917.73,8878315489.38,,,582289487.71,460169166.4,583569398.13,,224494528.86,712319687.6,,8575050712.2,989534309.86,,102678364.45,14713328832.34,3135761168.34,7936104690.94,8820902043.5,6922958780.28,1.45,-0.1357459829024564,-0.06254436518600545,-0.05109815145124742,-0.05049676766043111,-0.050211200229853405,-0.03879199780883027,2.2892180296799616,-0.07326989818439782,3.0,-0.0014535644587823236,1.3122901817489183,0.93513307567011,-0.09318250988777063,-0.06420291299258003,-0.05134104843638215,-0.05092482656660969,-0.043744843575347823,-0.038023647728386525,2.210302708632495,-0.06719397378408724,3.0,0.022138205921505883,1.252828507839853,0.7836156851878955,-0.09722661409707714,-0.001595336312245778,-0.022458027539434152,-0.06275679717682209,-0.04011016662838725,0.8705486940513716,-0.07346802164562928,2.014945216891134,-0.11620085184767069,0.2655835710772913,0.1931497953833056,0.020255959743185805,-0.026466241222464118,-0.06927424561221791,-0.04721789823527764,0.7482024408508925,-0.07498764870954808,1.8093828748939251,-0.13347040921362965,0.1947630296350633,0.13103071645394712,-0.00881156787855717,-0.0609688363638556,-0.051438474582726754,0.8595228619180467,-0.07644351781920602,2.112386569840249,-0.11096409218176834,0.28160812603129476,0.1944784664071399,-0.06625070946556001,-0.05041971518216089,-1.0493777578313122,-0.1501711732306822,-0.7869155646120419,-0.4746064810801287,-0.6839410154858716,-0.37225239581101893,-0.5777268151364268,-1.0514407554051555,-0.06867468833406334,-0.7448016546344234,-0.4041444045039618,-0.6833896973428468,-0.5342355600340039,-0.4874957319451428,-0.0697158054604466,0.2913702114373933,-0.434854739494809,-0.33409921053732644,-0.13803714111777496,-0.5634136883269583,0.2152449710161034,-0.2245446920996513,-0.1014657728670237,0.031453383034533676,-0.33570049755495235,-0.3117758374497795,-0.375461816253537,-0.09732563001521972,-0.5826030367765392,0.634108650251712,0.4427286502368416,-0.34010693034716794,0.6141355591685497,-0.4487990592625193,-0.5372056745228074
20131231,20140410,20140410,4.01,33746885959.63,32078468753.99,,,1671410709.55,1255127994.96,1674140359.71,2243738569.26,236822621.84,920417740.47,,8751547630.8,999465482.76,,102678364.45,14997003392.54,3408708017.44,8588487446.74,9497841792.11,6931368133.84,3.0,-0.1709721749917415,-0.01657058658941353,-0.13725871565649678,0.03439976490249973,-0.09414122725577624,-0.041964350496623684,1.5080097753817652,-0.08937651106022715,3.0,-0.10824943185075053,1.047103974964717,1.2450121790470199,-0.12337449007474856,-0.017732975611791848,-0.14520364252207973,0.032078527319068934,-0.08774704365222967,-0.04126016170720689,1.4455149859624687,-0.08285557659607108,3.0,-0.09914547904880125,1.0619071473870099,1.2566601344822455,-0.1245478157360247,0.12516720472225587,-0.019587729251809842,-0.08161453599981132,-0.05262629628626152,0.21504614524210583,-0.08677399677968328,1.2622463205989307,-0.19031429448795328,0.10474974518452203,0.21757400033035074,-0.12537511666440543,-0.009492824380925838,-0.07819960034646425,-0.0602927477692841,0.12314804416274222,-0.07563251883396246,0.948764064340515,-0.2112697143719687,0.009004040606282876,0.11119801023125309,-0.15701927814595482,-0.08409281792804753,-0.07193320695696229,0.31548097583324125,-0.10255178171698288,1.3781893693119245,-0.16754155477884147,0.16291832190547867,0.29986076681926,-0.18834961086347515,-0.04767746697055625,-0.959817832720606,-0.21357535335590955,-0.7304913650021164,-0.28316280948482064,-0.7423560155166189,-0.6638233011544536,-0.4526957518359588,-0.9387330041803572,-0.06595498954607786,-0.6603850278359742,-0.39544442203614466,-0.7650947810559691,-0.7204011122795567,-0.4148319513300238,-0.06754598802406331,0.30682202841286466,-0.4740254730160295,-0.4248133280296722,-0.27819948910865216,-0.5900677752943393,0.19977915714276365,-0.18795582555788506,-0.16396167292160774,-0.0810613774722724,-0.27294142336040034,-0.31998620856693394,-0.5039166717289981,-0.43260011994325803,-0.5923209331357124,0.8634524068697359,1.04314926350101,-0.2515982634359707,0.6704087402338068,-0.49600846784908376,-0.5672819192317122
20130930,20131025,20131025,3.16,25392655628.5,24100076486.79,,,1294090576.64,989700652.26,1318208978.55,,279904307.48,824639995.81,,8803436538.73,994946011.55,,102678364.45,15084153840.56,3519830313.32,8972223060.84,9850919582.8,7082397687.52,3.0,-0.1824004315604283,0.06825957301496824,0.045714510793586904,0.07255452305317958,-0.07662304728368112,-0.042429752447697276,1.7645011906768087,-0.06317180975996761,3.0,-0.1402709438570106,0.7797452607859048,1.1549263210960092,-0.20965835675985636,0.06707472353166494,0.04508767467278504,0.07098215407647618,-0.06899155991677507,-0.04088510666366006,1.7387214944181768,-0.06003114255942013,3.0,-0.13702893923410808,0.8056229516871136,1.1609614676417785,-0.2089943472856205,-0.04204330392479914,0.05114106172579288,-0.060855314386982454,-0.04508721934159339,0.35697473880055935,-0.06931315336344676,1.3024209327942426,-0.13557240069034748,-0.0025658047138701944,0.08300327419997618,-0.161954973346659,0.047521185347042784,-0.06143615965201095,-0.04750897470245564,0.2494524757193788,-0.0642916046926634,1.0858510630596827,-0.13674729633535776,-0.0492355114064041,0.028906092301104615,-0.18203955081962528,-0.06360002251513183,-0.05481453949615096,0.428726556166193,-0.08073882227455398,1.4375659278142818,-0.11034622063498938,0.08843955056067462,0.22895279751939243,-0.24891240833892825,-0.05299122508669595,-1.002117966770635,-0.10297237905850869,-0.7583327646165243,-0.35130682637954314,-0.7945646681505135,-0.7045082463546339,-0.5786445240931177,-1.0006904589116328,-0.056591809489649224,-0.720918272549765,-0.3609852114943797,-0.7121278560045893,-0.6852454017619085,-0.4278745666390361,-0.0563867184880297,0.2783219924357924,-0.4324651709498041,-0.478167654767252,-0.3036857547321963,-0.6627113051835045,0.2102567164729901,-0.21561134291858333,-0.17424333079555784,-0.08353184787443567,-0.34003327786857707,-0.21447934729813842,-0.3790001278842741,-0.41059925322310714,-0.5367648938921981,0.7288949236415067,0.9259416174073184,-0.36786340697011805,0.7330144313346583,-0.6162212376161287,-0.6677432714618904
20130630,20130823,20130823,2.37,17567813449.59,16629317799.93,,,939862049.85,754644382.08,950559642.62,1243042163.77,309469450.8,719569708.58,,8031235460.67,1007812337.83,,102678364.45,14412059497.57,3389977498.93,8528184806.4,9413881510.03,6361164517.37,2.37,-0.14059169203797423,0.0409815535277679,0.04397563653645773,0.0817391628961037,-0.06828129791508807,0.09903746601440293,2.2095848778971123,-0.07963567312914716,3.0,-0.12229356674085426,1.0813985210189956,1.3485812589309019,-0.15918343359699166,0.0408728924204183,0.04379229877304399,0.07761246247217526,-0.061463436408331455,0.19484418349493224,2.151822342715911,-0.07943160020633235,3.0,-0.10974882621761946,1.1370317006654551,1.4057166904170704,-0.16301752863673535,-0.03287451694969554,0.06639551684234044,-0.07171894604134005,-0.043974474460579865,0.5865488998164416,-0.06992870278067988,1.3371535398115126,-0.1588492638435272,0.08093527034659759,0.18358330735458434,-0.025882947270686414,0.06864125900940408,-0.07229089331437723,-0.03555098179447373,0.5097020938828823,-0.06444486642551586,1.2169072578769649,-0.1742615727045619,0.03424929287896047,0.13470569817113406,-0.03051543000371469,-0.07219832841905455,-0.047501020870219304,0.5691962993012201,-0.0746615401287312,1.5451163975658413,-0.1317106465746138,0.16478419775806202,0.31864506536725895,-0.12446195273659717,-0.07664081715341571,-0.9658217800482407,-0.12590582838578565,-0.717250613357997,-0.4191067279468958,-0.7769361900850204,-0.6790622645733085,-0.6103325440204814,-1.0333542168919552,-0.058715612842462114,-0.7488711727838997,-0.39854196839604217,-0.6001880875015716,-0.679552338306539,-0.295212729303692,-0.058366213566254516,0.1709180278808732,-0.4802278679465447,-0.49195248218121385,-0.3376518257534826,-0.46499643891551573,0.24936779220903219,-0.2275799400681271,-0.1481980592588853,-0.05377025022797495,-0.36893927456397585,-0.2575305304883979,-0.5103244728748784,-0.41938064312723383,-0.5875342309392646,0.8224434655565567,1.0338070287782446,-0.3608340850705452,0.7041283269607475,-0.4295697518305198,-0.5039775754616822
20130331,20130423,20130423,1.39,9413323787.82,8896027930.44,,,518031987.25,439469168.11,535515224.02,,297094927.48,678591858.04,,8267415593.5,1018726981.53,,102678364.45,14768417142.92,3376833190.04,8918772029.97,9791695716.32,6664035542.6,1.39,-0.054173637958171865,-0.03170004929890731,-0.06173017635277826,0.08491722192108257,-0.06435190476368415,0.04651287710762798,2.462474586408864,-0.11032397155069176,3.0,-0.07906291553668368,1.1066584263384402,1.4459267696670428,-0.09575459283748443,-0.03164530339016281,-0.06503476067976144,0.08385323366385537,-0.06393334668518762,0.10961541304267153,2.383054788283178,-0.10100548797954782,3.0,-0.06253110009417856,1.1662791637241392,1.5172037901265447,-0.10187483589149787,0.10329561357974458,-0.047546694922846605,-0.06173972915760224,-0.04443055105648012,0.7752997205053325,-0.09153737928699525,1.3904312950815856,-0.1539906888793541,0.13884020366992478,0.2639219431822996,0.029126250067843397,-0.019198887592960765,-0.06244038645296081,-0.044755664727002396,0.7720080762344529,-0.07424426976401331,1.388260843091205,-0.16356856516319024,0.13319643455387,0.2661249147199005,0.016854009569861026,-0.06171235209665099,-0.04006109545369659,0.808727938118569,-0.09268374776763323,1.5857108605878596,-0.14754874473328228,0.18751748311753544,0.29822305589857545,-0.046139667855760506,-0.062199475170939086,-0.9734012776209497,-0.0806621035682766,-0.7366772944559308,-0.40752387077142005,-0.7372575187413792,-0.6579962909412261,-0.5755480584785637,-1.0746898128480558,-0.05832132392111149,-0.782580005575113,-0.40349933007859756,-0.6180244446853121,-0.7029972846571442,-0.4175639098785065,-0.05860543268549228,0.18912378169666264,-0.48870635141213925,-0.4591098077743314,-0.3348983325028838,-0.5779516300449768,0.22620738194872456,-0.20271613179588582,-0.15093572014812556,-0.07430597774560654,-0.28952220927443517,-0.2690394357045792,-0.4910639442999855,-0.4270743343692273,-0.37586204830907194,0.7340846810627606,0.9574683504854213,-0.33078773865769867,0.7190972853678008,-0.42811435244796453,-0.4895977812235502
20121231,20130403,20130403,3.33,31859099548.9,30541527393.49,,,1326285907.82,1053448964.23,1377642232.05,1968593851.04,241142925.58,711735382.47,,7638941413.99,1029374504.4,,102678364.45,14233021668.03,3216885464.49,8670097233.42,9637803174.38,6076416041.31,3.0,-0.22223249207304566,0.045513436597647026,0.050735276485846116,-0.03773765056201786,-0.07787392792626047,0.04626697350737343,2.0204273329758795,-0.07512496841183146,3.0,-0.14097665847363053,0.7471978948850049,1.0529520991269372,-0.1221953252247901,0.045463074784052884,0.045550215685260916,-0.03844269180365421,-0.07426040935599172,0.09943927337052962,1.9860189325522035,-0.07238109995666941,3.0,-0.13109887383033791,0.7971358519016255,1.1104853968612358,-0.122849035787732,0.22924548443658932,-0.053354114466927255,-0.07630965544483888,-0.05410850605215765,0.3546468526582612,-0.07562431470068427,0.9480506683846017,-0.18487458318790398,-0.021041218833396685,0.08994742740091044,0.009647396130844154,-0.05938081095536874,-0.07690593878340184,-0.057103597849953495,0.24915681796463426,-0.0705385447799822,0.7348145414923847,-0.19919371466925462,-0.07939685422813321,0.02765921668850603,-0.0645070586242381,-0.0776672465461421,-0.06367368099065748,0.2608716777121508,-0.08586115210565587,1.0395008520500506,-0.15853345902308286,0.003989022159159811,0.1359231675487053,-0.12039035169700782,-0.07700436471326065,-0.9343709110871171,-0.08376869144876208,-0.709335339160147,-0.3414298107266456,-0.6775042053130496,-0.6022787627208523,-0.6287294694704749,-1.0356328979418516,-0.06500666636246227,-0.7586532816854382,-0.2211320802749083,-0.7381597639123132,-0.7685059422390853,-0.45260507038361036,-0.06424442098153557,0.10597839988981492,-0.1816187510941686,-0.3924755222889949,-0.3454770115616739,-0.599631225013022,0.2602296230459431,-0.17461662896272162,-0.14709709564653523,-0.059880071778222854,-0.2168881262522028,-0.26512811153338434,-0.50692388694484,-0.4545244234240963,-0.23344892872139353,0.6997021086554379,0.920794247822271,-0.3043061123689169,0.642939819219769,-0.429398508666521,-0.3879219489208085
20120930,20121027,20121027,2.84,23822402087.19,22712352173.75,,,1118392125.47,894913935.73,1148240688.59,,332105969.42,609516742.42,,7900090099.67,1039128950.22,,102678364.45,14390777449.51,3507686889.84,9020990689.82,9954093984.35,6181473656.49,2.84,-0.23788536288695236,0.056212129202908294,0.040073582584461136,0.05527737744610982,-0.0637953246897012,0.07315144256030112,2.0398157710926865,-0.05294790788567192,3.0,-0.1827109982394651,0.7060431804089695,1.0317837332992126,-0.1772579615754223,0.05563527999003638,0.03992455486556899,0.05509841915553291,-0.053103518812166316,0.15344026533475674,2.0222054596790056,-0.05195767030293108,2.999640470731908,-0.17163630452068052,0.7640912090983113,1.103501466959074,-0.17207517724794363,-0.034637710287473054,-0.04484314175012473,-0.08093031130592966,-0.04949296513270581,0.39457121520052635,-0.061459057672406135,1.039052709043062,-0.16550454886112254,-0.04593502966558635,0.08052389716425386,-0.04963923482862496,-0.05898338644225707,-0.08155070613620778,-0.05204885688004241,0.31740598758331523,-0.06160863173709226,0.7464175466563031,-0.1690972536276074,-0.08687809242730117,0.03998761329879178,-0.05736457896202948,-0.07818424584880514,-0.043462052730762715,0.3543204591726792,-0.06480000214280375,1.0384643139779794,-0.1302317714302298,-0.02153610689973545,0.08517444836025904,-0.21193150370377936,-0.06482307881723959,-0.9192532052542405,-0.06347339885467719,-0.6998074234418565,-0.3609424839200775,-0.691068660182192,-0.6259691101748495,-0.5598652529664587,-1.1227249191238258,-0.0664522588508036,-0.8182552811561926,-0.2622682856997109,-0.7889806013998564,-0.7902812723902738,-0.5385199482518813,-0.07908550121615913,0.11301213671194363,-0.18591284777148465,-0.41979554613851694,-0.36736866895287223,-0.6582609507012672,0.2714010580246947,-0.1865470310782988,-0.14933098392093844,-0.06455969031863557,-0.2690010432671261,-0.2670209032351238,-0.5242038109063569,-0.48877702398142453,-0.49777633660141746,0.7916729157244565,0.9940139874961988,-0.3314740876985661,0.6826412677940461,-0.32772797703874607,-0.42535884951600084
20120630,20120824,20120824,2.51,16166477573.7,15213311980.82,,,960187269.04,789956630.39,987264696.52,1264949950.07,310138925.1,492866243.56,,6228080456.87,1050084973.03,,102678364.45,12739010115.22,2969384597.98,7531102365.92,8264785955.38,4670026731.32,2.51,-0.19704773933200284,0.032720330493631725,-0.10154537475714082,0.08735761972559276,-0.07132110001117135,0.19945809856022007,3.0,-0.06063134948205507,3.0,-0.11662889152265354,1.1738719827158939,1.4225012822070036,-0.05778351393357745,0.031404039333980276,-0.10428675745015198,0.08628837760084954,-0.062225331976253635,0.3089416721074795,2.9886375577792794,-0.05881021239593918,3.0,-0.10078787657742956,1.2453422756413823,1.4984867498411933,-0.06781812829136255,0.09976570871030613,-0.0029630446020014146,-0.0738294029013594,-0.037837281633854344,1.0830521368365678,-0.07802102651203423,1.593354386655608,-0.1552427143303361,0.19277006265085023,0.325857272712458,0.06337481111139939,-0.007078844022920143,-0.07301828629628022,-0.03850519838936768,1.0369039291549496,-0.07794013700619591,1.5678993507564714,-0.16244379070237475,0.17733990628565907,0.30937002072929387,0.05721382828496451,-0.07396177109720006,-0.042426856681246655,0.9304332478153032,-0.08009921279027432,1.6887575491755178,-0.1385200632935755,0.23874471526321794,0.3939950069270766,0.037364544315103276,-0.09038934407093319,-0.8546936108642152,-0.07080968564346671,-0.6765815941365717,-0.4455269165392723,-0.7053755068406011,-0.6310932632232287,-0.5166799319224065,-1.1040803563492698,-0.06613981695075646,-0.8328469586354101,-0.34932773158413283,-0.7611769864520718,-0.774471265240201,-0.20136531979527497,-0.07330919937710725,-0.1518524539112139,-0.3101528347154688,-0.498951989651422,-0.40259221070847856,-0.2746413190169325,0.3892004197937166,-0.2108776766088144,-0.11118788159229004,0.04016458527676264,-0.21300869324408872,-0.30809016997307026,-0.544673482859416,-0.434235019095708,-0.31290353784646063,0.8377504023382534,1.0505510258536277,-0.19400311423341612,0.6788658982114187,-0.1935576397175149,-0.25321340584269403
20120331,20120425,20120425,1.39,8892718884.05,8338009522.8,,,561733495.54,439550869.2,562058990.46,,244679641.18,521559427.6,,6136175709.66,1061102944.4,,102678364.45,12716054219.39,2872494094.82,7783746023.59,8504120224.78,4636935919.28,1.39,-0.14906727012505364,0.003392045203306334,-0.03704685222217078,0.04838081838967416,-0.043156065720626614,0.29785762527297704,3.0,-0.06230985674655609,3.0,-0.036244790537828746,1.3852093706619188,1.5927178226080452,0.009410175510526574,0.003459626744661769,-0.037714638852605356,0.047406274688929495,-0.039486841644049836,0.39612844509590844,3.0,-0.06242391749556017,3.0,-0.024545963616929668,1.4589222712219865,1.657866202519134,-0.009040278158341176,0.049797783978202635,0.041350918630022486,-0.06717061659876983,-0.018724458709960097,1.0621408199544164,-0.06851392994310739,1.681335127910394,-0.11536439593013348,0.276594047649124,0.43218829075352816,0.1555659533850507,0.017054759592439038,-0.06648593501881077,-0.018384580934809935,0.9374039405335078,-0.07621026023399208,1.539528648871456,-0.1186982935038157,0.25471063686010476,0.4118958491873269,0.14889000027423147,-0.07454806110087032,-0.009418480099611494,1.0610961720985188,-0.07583853021604643,1.6514818514293268,-0.12604594004382036,0.29031190183925765,0.40901003885258064,0.12478471842781759,-0.10424437286522005,-0.9142921090246168,-0.07227619835425879,-0.7279111785242224,-0.4238825752266125,-0.708863393275378,-0.667192462138945,-0.4403902329576045,-1.095312506078882,-0.0714372120075469,-0.8372012432860081,-0.37581038983920995,-0.7358686381849273,-0.7675339837144916,-0.4553418596259624,-0.08029081124155606,-0.18280756721377878,-0.4689984215997033,-0.5431742534562182,-0.41567900180597356,-0.4968183740455292,0.40433935320259706,-0.205443800168624,-0.10920503519945941,0.017142057937797675,-0.190809452514224,-0.2095166840913695,-0.5115504349265478,-0.44918330991569266,-0.29364910294320273,0.7030347814981226,0.8833491230626812,-0.19430958175056212,0.6709020421580475,-0.2808340869753078,-0.31568746417756555
20111231,20120407,20120407,0.93,30403787639.09,29944944094.74,,,459032301.58,282821797.62,643490022.56,1216218276.58,243876648.57,574945530.81,,6535417148.76,1072377220.62,,102678364.45,13209040197.52,2951203315.21,8646046204.87,9395998786.55,4845533356.74,0.93,-0.40001141368597315,0.08987446894614924,0.6304598684203518,0.5375929907924891,-0.0780058440031393,0.15699219409302498,1.9654027535411995,-0.09538402083548024,3.0,-0.12803380644481738,0.7711596276781197,0.9480812133158264,-0.07332705791777142,0.07859400081890985,0.6117095831076953,0.5345871339165046,-0.06693905207742079,0.2409714593590024,1.9574269515493714,-0.09294078626407827,3.0,-0.0982867275204258,0.8981217510187478,1.075677436623108,-0.07232873648336081,0.5770161630376424,-0.035395120594766835,-0.11187812153125459,-0.09820593272784545,-0.07349802538164514,-0.09999173110765987,-0.11822690742611991,-0.22954243357243662,-0.24511386430070228,-0.3036445598768648,-0.06618779136819616,-0.09137249050932764,-0.11249871566802908,-0.10593363272221566,-0.10731234340552442,-0.09891888299878616,-0.23676139234672433,-0.24497163197259544,-0.268270150820673,-0.35781576939543974,-0.0757047415570748,-0.11586653412448597,-0.09231479362627446,-0.04168664890097697,-0.1144086682002208,0.029162111077265726,-0.18551095191827255,-0.3278378883622795,-0.23539614610801157,-0.09924170882404637,-0.09914339543565402,-0.839453358135851,-0.09028129149518786,-0.6767001197479202,-0.37523954095493356,-0.6697518624776608,-0.6336990242395519,-0.35558542370152973,-1.0969769626604193,-0.0721218269804309,-0.8278365385748521,-0.4003900639557326,-0.8470990552668773,-0.8336705513181742,-0.29137992762971554,-0.08170400680875403,-0.1120167349469904,-0.48006102458006783,-0.5422160731245784,-0.41596484199385664,-0.40455023068097634,0.37016263522334236,-0.15879226666524035,-0.12365102456975716,-0.020925280594365506,-0.24433268558885468,-0.25349127892514645,-0.5390809661890273,-0.47407416802883057,-0.40917458097476267,0.5838556347067276,0.7974155194776753,-0.19280321607800638,0.6651376494092038,-0.27895009980906943,-0.36931594398688256
20110930,20111031,20111031,1.08,22729042188.33,22239754953.18,,,489396435.15,326276657.49,618057705.46,,300125020.68,735388436.14,,6773792728.54,1085091114.21,,104326236.7,13486628899.09,3359891768.97,8980921768.78,9595187233.37,4886841137.61,1.08,-0.3907566049420907,0.0899405639199082,0.12444348153153739,0.1326147184184648,-0.06119917929945439,0.0524726550626616,2.409443011466735,-0.11218439113039397,3.0,-0.20291370427816907,0.7033315050388399,0.9673556080281841,-0.12694327065540278,0.08933462766763198,0.12020426718091475,0.12417456532948085,-0.05809214850813017,0.10985617057843672,2.4744710000347716,-0.10724636960866714,3.0,-0.18280654002213742,0.8303554627422628,1.084960150039941,-0.11088261377871658,0.2501530824572589,-0.01705812038337857,-0.07248417059449905,-0.08937403466169297,-0.14151472786198377,-0.1081689116349071,-0.06101881773456691,-0.20616221614008287,-0.22522344449409673,-0.1582432939995914,-0.1956220477267942,-0.024574062632968505,-0.07286427416635768,-0.09559050297297328,-0.22188698358841769,-0.10047874378735894,-0.21278707180528492,-0.2120207269177753,-0.22067495421466582,-0.1600567179401688,-0.2631433112396645,-0.07502575355270835,-0.07242225422722065,-0.037917347401523326,-0.1117437273557637,0.07724129392973242,-0.15878948391046357,-0.3350781444332533,-0.243872839647027,-0.24227562468448455,-0.08907901558922808,-0.8601700672046763,-0.10666020984474078,-0.6861530631190004,-0.3134095776033135,-0.7249265765388094,-0.648692208894525,-0.6288072826958009,-0.9795945959142204,-0.0755906062212411,-0.766493198267895,-0.3580064526509465,-0.7551224332866281,-0.7593895540478041,-0.33543833463999373,-0.08677940939587721,-0.11637702669023811,-0.44357523702385976,-0.5879981306334241,-0.43127513377938254,-0.461437152346848,0.38604336194791866,-0.16899192201008026,-0.12968829621835407,-0.013080912382525536,-0.18202435771839823,-0.23007541037330695,-0.5462614086821809,-0.36728942951088506,-0.28645947087576773,0.7222487463612608,1.0148611908856477,-0.21880414624932315,0.7622425526660531,-0.3488293400595959,-0.3308338611473528
20110630,20110810,20110810,0.75,15543398625.1,15191627542.17,,,351830282.93,233258044.86,417676564.4,701818487.72,220478029.09,804770027.35,,5665290920.23,1095605433.26,,104326236.7,12450269447.94,2807275578.43,7771321448.46,8651846394.99,3932782698.13,0.75,-0.38220134785526344,0.14621142352659397,0.06200033250147829,0.06419827847513086,-0.04397516409056015,0.042751193141055105,2.14118109789568,-0.09826548248494824,3.0,-0.1128782742174418,1.0942331656871438,1.301411175950853,-0.03711506356238857,0.1458765404527744,0.06005014282021938,0.06449699463513496,-0.041208709831296104,0.09007578150052772,2.208947769791017,-0.09432403221378426,3.0,-0.08635783209121319,1.264965099868276,1.4621531721741048,-0.027357927315430994,0.42525322525796383,0.057897778179328147,-0.06938696123833499,-0.07891596797320811,-0.06890296931066422,-0.10945223358776815,0.0063102211346664685,-0.22899401198569752,-0.34149438257850456,-0.2600089626689377,-0.13157895265108174,0.05663357033544634,-0.07100422697630135,-0.08457720549021452,-0.1741842670889338,-0.0864103674458727,-0.1591417804410507,-0.25038986461257684,-0.38533507826025976,-0.324803674055609,-0.1741599494711888,-0.07069849847110045,-0.07805067796613073,-0.012762685161564041,-0.10927823479887229,0.12836452587213112,-0.2026682723630852,-0.2777723021945454,-0.18124920955296253,-0.14220974432929556,-0.08741024791029427,-0.8899264683382209,-0.12672259485438636,-0.7381852136792013,-0.3347077555689271,-0.7462175467751517,-0.6636062531456877,-0.37581752595367507,-0.804456695511514,-0.08157857348664264,-0.7020609724074406,-0.3584369202586815,-0.7176183350293421,-0.7426714003595435,-0.3177149439869886,-0.08940248796516337,-0.32206266931392186,-0.4055303925593874,-0.3746648112924467,-0.27937481462197594,-0.20979342038040336,0.44916114433228416,-0.16256850199405146,-0.09452242721976976,0.03503205376708494,-0.10060299211173745,-0.2772707027594741,-0.49411359938047505,-0.32237418485320807,-0.18147705554589338,0.6832022153961549,0.8432887667612946,-0.16872382560315077,0.573082626937896,-0.32552891100715803,-0.3882996478907893
20110331,20110425,20110425,0.48,8786826803.99,8581716276.44,,,205169727.56,144640690.0,253655155.65,,290087874.78,1258833335.89,,6260837391.72,1106428174.94,,102678364.45,13125566599.46,2924701498.84,7982812987.46,9404547507.63,3888044116.33,0.48,-0.37399504143024237,0.13384671424097525,0.30912860289236127,-0.035051119243802484,-0.049593452433821954,0.001409161325216169,1.4467847025001328,-0.08420694057640529,3.0,-0.06784703410334891,1.269504369216809,1.3874090705489026,0.07423389465224746,0.13401967527198216,0.3054871142023565,-0.03582298415085896,-0.03795994717401564,0.033626789221220005,1.5853421449244673,-0.08310077241980116,3.0,-0.050865509183799604,1.4805168925729437,1.564163773217202,0.09046082936691854,0.19717014774489555,-0.04485409715043433,-0.06828425134032626,-0.08803676069769713,-0.04221561996480389,-0.09970975681082705,0.1065347445887696,-0.20070797979899332,-0.21908133022390958,-0.1824971664334654,-0.18181037586121793,-0.04538626855357269,-0.06891941747545935,-0.09369479106618908,-0.11483808289071254,-0.10552386007011821,-0.04701452412240948,-0.213815910959767,-0.205980271562657,-0.21679011609143953,-0.2174542135026184,-0.07159391255277053,-0.07087204671877151,0.03644756497178641,-0.10484100430692249,0.26628429521154506,-0.18795254276437867,-0.13346409936335626,-0.11044498353379978,-0.20927025764501186,-0.1101288261505679,-0.8318516683186903,-0.1135647649178175,-0.6858769892569333,-0.436058516733391,-0.6591491921565028,-0.6475610793872566,-0.6146669210673381,-0.550142090061939,-0.08205298301107465,-0.5320449636354683,-0.33596632065046805,-0.5768280031029805,-0.6374606173592674,-0.4889393368042847,-0.0915771106188225,-0.2041479661633976,-0.4072245695979395,-0.3096649318784675,-0.27599748800672286,-0.404809855286312,0.41751675280111666,-0.16685148893096197,-0.08670424437571675,-0.01764047634279149,-0.1298159319537787,-0.14891992005159427,-0.3825985818637478,-0.3530210188231501,-0.30034089711501005,0.7320831374838956,0.7897949917997633,-0.15788333283059486,0.3497497972318587,-0.3996024991240835,-0.4205870869552652
20101231,20110330,20110330,0.41,24343456921.39,24031872943.67,,,309382804.75,103114006.11,459105133.46,922861232.37,158517576.75,1442124240.58,,5871393187.18,1023016274.88,,102678364.45,11917394554.52,2580521134.4,7393525189.07,8719915941.0,3243119032.39,0.41,-0.47929374675753594,0.48410478659480677,1.041051402917241,0.14900663660120805,-0.05440693202903074,-0.05017287750253282,1.401889763004737,-0.0859575887687553,2.8749566806444053,-0.13331924680604842,0.7579227374455648,0.8544726451060375,-0.027442742211277956,0.4747537895948225,1.0158858236649217,0.14846683650304848,-0.04696662228994054,-0.04780358791650145,1.5268806032636828,-0.0802808612016956,2.9031418237691646,-0.11789369653607176,0.9092096225625647,0.9748798425890182,-0.01738244022713626,0.9711524315724083,-0.056069936887334144,-0.09319791649156518,-0.1154983004177544,-0.3981146684925912,-0.11772325957949645,-0.42713631042789213,-0.23000164111128157,-0.44004413736184306,-0.3692108544121095,-0.26795247312617587,-0.10056311901206968,-0.0930039518998535,-0.12168424956873798,-0.5133953511976882,-0.12469454972554962,-0.8251338565439916,-0.25687623330631715,-0.517160787407528,-0.4531296465432766,-0.32980895101514807,-0.09426974939791168,-0.10088651116251444,-0.25955554944507025,-0.12514148544933298,-0.13395009317517256,-0.09005612964228858,-0.4076069817035587,-0.339115254436747,-0.2765744796116195,-0.05147014115789847,-0.9096484074494618,-0.1138078220590255,-0.7263662272482747,-0.43366115607428873,-0.728366927814587,-0.6733605189049986,-0.5587170228522195,-0.33926558549088104,-0.10845894653594651,-0.3742249089657205,-0.4087812185580788,-0.5509671943697284,-0.5484798333145825,-0.4210042737618795,-0.11781711167038536,-0.10610972742052154,-0.5276163279422071,-0.5056749546926549,-0.4439261255700993,-0.5316215001916461,0.40739781242048817,-0.15234107421066742,-0.10928652192083686,-0.02161372965036595,-0.15421992745517482,-0.1587542054948594,-0.5666831075204636,-0.4646222755126321,-0.37693502932716827,0.6307895104037556,0.6848435361906043,-0.11630049324119192,0.3310146812694477,-0.3033804176461057,-0.365175374428182
20100930,20101030,20101030,0.38,17798700755.96,17489479136.85,,,309962018.79,141352788.01,459068159.31,,205067539.6,1404447313.45,,5762016029.19,941343466.49,,102678364.45,11665892035.7,2656672499.53,6895305132.6,8434844413.79,3440883714.52,0.38,-0.4394788617406275,0.5054744819261332,0.6487388338310456,0.23821857001508914,-0.04844886582451619,-0.05190406868537918,1.4258770926277233,-0.0938156332576075,2.8420019177982176,-0.22177238670738345,0.8555770930647357,0.8642269055481036,-0.08597654324885401,0.5023966820908405,0.6299954797932775,0.234216669854315,-0.04475962965514463,-0.04564118851247241,1.6115736412843398,-0.0887904466607604,2.9173782916695115,-0.1825854224836187,1.0252495552617975,1.0037156424869529,-0.07010587245998032,0.29643034593006723,-0.055753468933418045,-0.07420859811508004,-0.07918973678273025,-0.280396200746383,-0.12865797430118475,-0.26984433312340017,-0.2354265769226913,-0.344524806196392,-0.2661883670387758,-0.19517994777854059,-0.10347789466494904,-0.08101709128996568,-0.08167608374439425,-0.40721807726568743,-0.1286559081839495,-0.560985881361083,-0.2605108358271058,-0.3876076594214594,-0.30307165978502193,-0.22447718475870043,-0.07280330319525898,-0.07425982274546365,-0.14332205857597885,-0.13438440666700963,-0.0435825111330259,-0.18909162230372292,-0.31492839314116317,-0.2592217930413966,-0.1940296210554688,-0.07945122999611247,-0.9391103724484078,-0.1287392774561718,-0.7462653964458733,-0.38606118001335854,-0.7341013751270007,-0.6611472248177275,-0.41782977168753627,-0.33121892269159636,-0.1318243571521257,-0.38147565918530507,-0.23748097839536508,-0.514308690219751,-0.5218363886890414,-0.2462025440874303,-0.1372834533812423,-0.12370477444035628,-0.3649923303938914,-0.5319175817486601,-0.4627496663679274,-0.32223258779564584,0.3568478356363107,-0.18181755245223052,-0.11106282341824064,-0.04064327403107712,-0.11687511273753007,-0.3413872731941824,-0.5065047322850701,-0.39327560904734904,-0.20930016176658287,0.886710685313606,0.8349081478374567,-0.13204593282821647,0.20235675913753418,-0.19059242174641777,-0.24726150363437777
20100630,20100819,20100819,0.24,11971141844.74,11773715817.75,,,197643026.99,90981910.21,278674676.64,508842728.73,125989770.27,1261923872.12,,4983461128.73,950120744.06,,102678364.45,10952525011.79,2200803156.12,5798308876.38,7771848267.68,2897501510.31,0.24,-0.42151302486080905,-0.008303479726769753,0.21000330539193246,0.3127053320320496,-0.025008080988667105,-0.04817500692096716,2.2893517093256572,-0.10032312775675953,2.9532752002887723,-0.10580565812935329,1.306103781071359,1.0041758791545428,0.012663113937951567,-0.008317198578983236,0.20777461734049327,0.3039730255623701,-0.018414199755467892,-0.03610338447792837,2.4916111151985545,-0.09571328589311467,3.0,-0.06500358024261452,1.488802202481346,1.1414451702474522,0.03211999838758153,0.8894142926056986,-0.05791614429733496,-0.0639074387937759,-0.09593377461596653,-0.27315240856015627,-0.12402372500055661,-0.26637547218757257,-0.1968710387545982,-0.31503507764748284,-0.25542182088934823,-0.17491126435482846,-0.07149149644250237,-0.06911979756989163,-0.08574171819437805,-0.40486757753605784,-0.12678161698705795,-0.5353182213448848,-0.2168745541554797,-0.36106514841418735,-0.2891811525180147,-0.19186913451548662,-0.06079796959598617,-0.09768991644934238,-0.18427776071808757,-0.126509018864261,-0.08536042209076629,-0.18180382890075833,-0.3237382497132356,-0.26663294855893477,-0.2069219278726539,-0.09117844085799509,-1.0213274461554522,-0.06759075706323825,-0.8142490615122929,-0.2653820125003046,-0.797360399016148,-0.7275863751572291,-0.3962701069421318,-0.28395843009425276,-0.1359872259304537,-0.40121780737449836,-0.23823362436596635,-0.5101054651810883,-0.5203259452904209,-0.25692089950048647,-0.1261559087893896,-0.2700884104882267,-0.3533191890991898,-0.5229002184117577,-0.4795250996795341,-0.3340106023817408,0.40072090528597787,-0.11235114464145131,-0.06343850745409488,-0.007045435367551424,-0.16602239699474539,-0.23265275828481158,-0.4918127953373563,-0.4108983513792131,-0.36048050623682965,0.9105707827190431,0.6370427666550071,-0.15620849955153676,-0.15937652554724388,-0.29712185175642647,-0.3387375626895065
20100331,20100430,20100430,0.09,6600274421.73,6536678135.05,,,63707786.68,37351973.6,121523513.97,,172802010.51,1308797569.82,,5190243300.44,958640137.34,,102678364.45,11064238609.38,2254957251.14,6035123056.87,7936691801.88,2669539856.84,0.09,-0.38510856171877395,0.3996167947041749,0.7445440667987604,0.5017069797567525,-0.0452034900219925,-0.04246665752471791,1.6713102022670927,-0.09929307209798546,3.0,-0.08320394388645258,1.5137763237726112,1.2657483644712708,0.14730727155405263,0.39757350944553776,0.7375960461534838,0.5011005037553775,-0.0403184178748987,-0.035583399358327834,1.8969039822149867,-0.09231763479782534,3.0,-0.057208375067918725,1.789983081538138,1.4893388792684632,0.17081950401176826,0.38374854993070173,-0.0708388269152785,-0.10062852339118805,-0.08093876575663617,-0.3052342670987736,-0.08575142460493818,-0.4116784157864617,-0.21530476122236025,-0.34814520807380084,-0.28328079753959695,-0.14901474897276773,-0.14137917071578135,-0.09979711539075106,-0.06861170302549478,-0.3592473384694037,-0.08618528906312455,-0.5178582562533174,-0.22850020167307591,-0.35153442320027317,-0.2836391176521913,-0.14120782508858817,-0.025106088840915614,-0.07040335980353754,-0.15950082585809752,-0.09647285799569534,-0.15580189580039705,-0.16685053042612774,-0.31984886218105907,-0.2808306214115543,-0.2438598655537759,-0.07384291813340128,-0.9617148484037294,-0.1108086014716794,-0.7788668186492309,-0.32928154709941077,-0.8061046327746607,-0.7293724591914745,-0.39997543367956306,-0.2709222566863584,-0.13418144574227647,-0.36968821943119684,-0.2518956279248149,-0.5205975374231177,-0.5528612829628557,-0.36544064896931167,-0.14359306895505514,-0.19393361070912593,-0.3470095821275494,-0.5383517554593173,-0.5027251258907939,-0.46910299192505556,0.3900069987971734,-0.11396087343194608,-0.08367642518167852,-0.024760237400542288,-0.1657818327317656,-0.1458871871014365,-0.5562726847250432,-0.4477290503589445,-0.34875345491136206,0.8780654012724084,0.674388936392313,-0.08310622984822626,-0.06554521962134519,-0.3476722496407886,-0.31801402479628516
20091231,20100408,20100408,-0.4,21163159558.01,21093017222.81,,,68693187.62,-90790244.26,233606706.87,692039505.77,69477513.12,1436701984.28,,5220790899.17,967064086.6,,102678364.45,11032193700.23,2372612684.45,6181257398.36,7923151561.75,2845848786.24,-0.4,-0.41957444702995,0.8915983899213494,-1.250872848638842,0.10925537995402765,-0.01178588423713132,-0.04506587698323562,1.2037067440520257,-0.09924896714706362,2.8335388365106544,-0.13045173320727071,1.1106875491408803,0.9401603042685367,-0.021487347113745416,0.8897217101850929,-1.2385465126888875,0.10896597382651702,-0.012969264211791445,-0.044316552037146385,1.2991818528763053,-0.09116811175187545,2.881349772579217,-0.10090134600351423,1.2756085155003622,1.066916555995833,-0.014119559340810663,-1.3775322535715562,0.02840230257151262,-0.004638200315638583,-0.05774720802397515,-0.28222787585919334,-0.09784577750247528,-0.39023491471263894,-0.23803675893715295,-0.44415566380029736,-0.3966717453825082,-0.10131070883386957,0.017375570349840535,-0.0011517768936081935,-0.058392606431889614,-0.33744751517862714,-0.0980968435513298,-0.5151511880218397,-0.24293431136836782,-0.5357301897198531,-0.49289906369184433,-0.10659020273301237,-0.003374966081152884,-0.05651982812374887,-0.2449071779162137,-0.10398619446773845,-0.27733582446606864,-0.21657585790263328,-0.41120979369810823,-0.35004725553981275,-0.14786895048126736,-0.057999837996277205,-1.049969989806303,-0.1104895116702141,-0.8331940800579368,-0.5472698881255302,-0.8142642715398605,-0.7383479989445622,-0.5903195474079053,-0.16652113966524473,-0.1313608751826011,-0.2805451367422961,-0.3006954521327093,-0.483609360950069,-0.5233269699289298,-0.2935761491149346,-0.15577241534176733,-0.12119394295299413,-0.39020596443252464,-0.48635785429304473,-0.4881158516626009,-0.42536444987862015,0.3695344289489433,-0.12338538689012458,-0.09473761463792205,-0.03525370403465674,-0.16890180477931432,-0.21465790506338212,-0.5838283916564068,-0.49578164153351956,-0.32673537772616273,0.9563052610611323,0.7930510033642679,-0.12424833386336159,-0.025948087587062463,-0.25562449032455314,-0.26236564424895253
20090930,20091017,20091017,-0.04,15432917003.19,15303560676.69,,,130048798.9,6279759.71,291701542.8,,125876678.8,1237871464.19,,5472291937.08,976145629.34,,102678364.45,11195945247.59,2482179476.83,6441398974.42,7992209525.11,3256664265.46,-0.04,-0.40366926479910314,0.705111178840875,3.0,0.173050852581121,0.3897574579463446,-0.022403700919785555,1.5986921097432563,-0.048893086105646764,2.772325475085472,-0.21892303302574906,0.9840417978414027,0.8798081028207313,-0.08668997421287467,0.69311525259145,3.0,0.16955547553635142,0.5330828972606914,0.06940029943102473,1.76982140217774,-0.04838170882580194,2.856122478188982,-0.18428174640857276,1.1836853836093937,1.0409125469313276,-0.07593419396255284,3.0,-0.12309846067716206,-0.11560596934656252,-0.12401096355145709,-0.33511307328447326,-0.10532677013243391,-0.4110545240098227,-0.24488610485642748,-0.41587988886964716,-0.3663637927369897,-0.009525474507087331,-0.15537157131399398,-0.1313396660984845,-0.13411531326060971,-0.46536216711859474,-0.10413194240604781,-0.6350249789344501,-0.2780307362829687,-0.4915753889113926,-0.4417338954696273,-0.024399289444172623,-0.09593125199607024,-0.1013981596499358,-0.22759622296390886,-0.09429915449300318,-0.1887204220802522,-0.21646092613475362,-0.32780540372674677,-0.28347859319850033,-0.0162338707983387,-0.1761517509393218,-1.0523334502520498,-0.10121578304076195,-0.834804039484742,-0.4402460620175927,-0.802392530542205,-0.7275823155687992,-0.31696505503612427,-0.37468060289863003,-0.08362351005101136,-0.39570186089629467,-0.2586233685867364,-0.5623484111385271,-0.5703464913508401,-0.3673159907601563,-0.08050862506111275,-0.09113558647675955,-0.34850876637273237,-0.5147000312527313,-0.48081717545317043,-0.39251251294487977,0.38960557942386187,-0.14114434887583344,-0.08849482950616204,-0.027453931711991158,-0.08537398743680666,-0.39582078449879415,-0.4919866526716825,-0.43282628424590686,-0.16227762491492104,1.0247134094658596,0.8838539542190745,-0.13754338403352534,0.06934440613763358,-0.17196433044007825,-0.21270856071049127
20090630,20090801,20090801,0.21,10221334031.96,10050222143.45,,,171804360.91,80954798.35,269748936.2,495637468.34,67776704.84,1098135996.65,,4383126736.26,1018930304.23,,102678364.45,10011109361.79,1775327640.95,5256103582.55,6741448600.67,2477533625.59,0.21,-0.3453995966643403,0.07338807863308743,0.09382502790637051,-0.02981687009043455,0.6995009891704626,0.04397948436855815,2.0808196493288524,-0.049848561651676844,3.0,-0.08710606178585693,1.4978230391996816,1.195874219695595,0.15699442356407933,0.07341531205226488,0.0924894203817586,-0.02984048828860029,0.8538751626643675,0.20251222431262525,2.2626093426854035,-0.048734254363321954,3.0,-0.02693745659404803,1.735034122946802,1.373683986072766,0.16226133830466194,-0.0009173912727656595,0.02182397552634569,-0.05976953947834885,-0.10872387949607505,-0.14781612893080057,-0.08875263208047945,-0.11439990288269637,-0.20836917882513395,-0.27633877464960627,-0.24512050272166264,-0.0995300863444821,-0.019554501620500164,-0.0832999932389595,-0.12067418386704305,-0.2744538996700104,-0.08987644478768163,-0.33896544088865754,-0.2381706948710967,-0.3612261725181313,-0.3209260179283738,-0.09697290744926262,-0.03236672419641554,-0.10243611027644821,-0.055121647705230856,-0.09257774987119778,0.1386038479651981,-0.20051476075836439,-0.18459500972119788,-0.15022503614174887,-0.13845135836273445,-0.26686368710592606,-1.1287558911982423,-0.1117464266878941,-0.8975916227243834,-0.5274890821876608,-0.8291201029080687,-0.7562004969475735,-0.5035081310763859,-0.2671893153294676,-0.07806924578737603,-0.39736228336345547,-0.23845597865320944,-0.5221161773892404,-0.5392540892432466,-0.459367678683884,-0.07376989163562352,-0.28808937895864134,-0.3220917116222635,-0.5035981603056332,-0.49790007177875106,-0.4774482564739731,0.5289438209244477,-0.1303075195843096,0.006854924486581527,0.07080670252869509,-0.15288108193596872,-0.4045042784886727,-0.5136318294298063,-0.5183527841826713,-0.35582548461011526,0.7519960550985175,0.568861120906201,-0.15952056847854182,-0.11493990010747171,-0.24111387660438768,-0.2659306598656046
20090331,20090430,20090430,,5513195422.56,5470910767.74,,,42833227.22,11192099.75,123402672.85,,62106128.39,1119726125.45,,3865848654.44,1026568242.8,,112333160.99,9540056907.04,1830721827.06,5526227397.86,6336587250.59,1980648207.16,,-0.3280217804257891,0.18150078233349348,1.0423231928230512,0.09514126134058035,1.2068300654775599,0.05843800209822493,2.9227316613064773,-0.052216844850813,3.0,-0.048148650858818205,1.6708728437650104,1.6185904828872666,0.6359369542317214,0.17676772005690977,1.0257275820328176,0.09741471719504242,1.3854031691541207,0.22908497301985564,3.0,-0.05288848859311462,3.0,-0.005966339518955058,1.9373446720368068,1.8493528915540585,0.6382884646444681,0.5338742763819408,-0.14630457576781838,-0.055336064644299715,-0.10126041355267638,-0.17616970351139735,-0.046147125903808636,-0.21097729493540157,-0.16689428449208157,-0.2998320561023153,-0.26384878218517777,-0.06458883077423733,-0.17076466917096667,-0.10302195915657571,-0.10810756350505155,-0.28505147935479697,-0.04620863434916455,-0.3736407031150551,-0.18169022949185404,-0.35477918133266506,-0.31846804480632107,-0.1052649904749538,0.059574934561029746,-0.07450639596567887,0.10784239129963548,-0.045833753980896605,0.2338834943135701,-0.15342773411888852,-0.1415104896861434,-0.10154321515031815,-0.017826920102754076,-0.25316266846636587,-1.1184913127774918,-0.0631493558720736,-0.8986729535890657,-0.5290321117826852,-0.8560661757050794,-0.781942644871362,-0.4974298593779491,-0.12706637393943698,-0.04578625759420554,-0.3689254365855333,-0.25377313995451545,-0.5615363040451412,-0.5547179121390725,-0.34598210285504294,-0.045907899830404636,-0.4197874097173691,-0.36728763293756045,-0.5372173341808677,-0.5079519040515686,-0.43120359889827115,0.6444651399371281,-0.13943909730379378,-0.00333803226292772,0.11691876411540489,-0.08026611039672418,-0.4042592249567614,-0.5985889944664584,-0.49871682112585547,-0.29499364125773037,0.754082845828111,0.77133940603009,-0.03133125097444,0.3003049121704283,-0.21567313491652113,-0.2485772671388297
